path_id,rows_per_local_bitline,column_mux_ratio,pvt_corner,tid_model_corner,vdd_v,temperature_c,tid_krad_si,local_bitline_capacitance_ff,global_bitline_capacitance_ff,read_latency_s,write_latency_s,selected_read_path_energy_j,selected_write_path_energy_j,minimum_pre_sense_margin_v,minimum_final_read_margin_v,minimum_final_write_margin_v,read_correct_both_values,write_correct_both_values,timing_proxy_cycle_s,timing_proxy_max_frequency_hz,configured_500mhz_feasible,is_stress_not_a_fit
r64_m1_high_vdd_cold__tid_central,64,1,high_vdd_cold,central,0.99,-40.0,14.32,11.0,2.75,1.80995e-10,2.61574e-11,1.5206149999999998e-14,1.3242799999999999e-15,0.821427,0.989999844476,0.9899999589824,True,True,1.130995e-09,884177206.795786,True,False
r64_m1_high_vdd_cold__tid_conservative,64,1,high_vdd_cold,conservative,0.99,-40.0,14.32,11.0,2.75,1.80647e-10,2.61049e-11,1.520645e-14,1.32088e-15,0.82224,0.989999844163,0.9899999588302,True,True,1.130647e-09,884449346.2592657,True,False
r64_m1_high_vdd_cold__tid_stress_not_a_fit,64,1,high_vdd_cold,stress_not_a_fit,0.99,-40.0,14.32,11.0,2.75,1.79869e-10,2.59911e-11,1.5206900000000002e-14,1.3156e-15,0.824024,0.989999843586,0.9899999585407,True,True,1.129869e-09,885058356.3227241,True,True
r64_m1_high_vdd_hot__tid_central,64,1,high_vdd_hot,central,0.99,85.0,14.32,11.0,2.75,3.97714e-10,5.55296e-11,1.54141e-14,1.12265e-15,0.34279099999999996,0.98389363,0.989997767595,True,True,1.3477140000000001e-09,741997189.3146468,True,False
r64_m1_high_vdd_hot__tid_conservative,64,1,high_vdd_hot,conservative,0.99,85.0,14.32,11.0,2.75,3.98033e-10,5.57293e-11,1.54143e-14,1.12023e-15,0.34198700000000004,0.98370358,0.9899977678730001,True,True,1.348033e-09,741821602.2901516,True,False
r64_m1_high_vdd_hot__tid_stress_not_a_fit,64,1,high_vdd_hot,stress_not_a_fit,0.99,85.0,14.32,11.0,2.75,3.97764e-10,5.57883e-11,1.5414049999999997e-14,1.1161e-15,0.342658,0.983618,0.9899977694090001,True,True,1.347764e-09,741969662.3444461,True,True
r64_m1_low_vdd_cold__tid_central,64,1,low_vdd_cold,central,0.81,-40.0,14.32,11.0,2.75,3.05079e-10,4.0601e-11,1.01881e-14,7.32973e-16,0.45843100000000003,0.8099989038429001,0.8099999874912001,True,True,1.255079e-09,796762594.2271363,True,False
r64_m1_low_vdd_cold__tid_conservative,64,1,low_vdd_cold,conservative,0.81,-40.0,14.32,11.0,2.75,3.04034e-10,4.05192e-11,1.0188349999999999e-14,7.30611e-16,0.459913,0.8099989016312,0.8099999874336,True,True,1.254034e-09,797426545.0538023,True,False
r64_m1_low_vdd_cold__tid_stress_not_a_fit,64,1,low_vdd_cold,stress_not_a_fit,0.81,-40.0,14.32,11.0,2.75,3.01561e-10,4.03062e-11,1.018925e-14,7.26912e-16,0.463449,0.809998899517,0.8099999873349001,True,True,1.251561e-09,799002206.0450908,True,True
r64_m1_low_vdd_hot__tid_central,64,1,low_vdd_hot,central,0.81,85.0,14.32,11.0,2.75,5.32945e-10,1.04823e-10,1.01444e-14,6.945435e-16,0.14378999999999997,0.666928,0.8099988779880001,True,True,1.4829450000000002e-09,674333842.4553843,True,False
r64_m1_low_vdd_hot__tid_conservative,64,1,low_vdd_hot,conservative,0.81,85.0,14.32,11.0,2.75,5.32951e-10,1.05157e-10,1.012945e-14,6.92683e-16,0.14380900000000008,0.666742,0.809998879165,True,True,1.482951e-09,674331114.1096368,True,False
r64_m1_low_vdd_hot__tid_stress_not_a_fit,64,1,low_vdd_hot,stress_not_a_fit,0.81,85.0,14.32,11.0,2.75,5.308e-10,1.0509e-10,1.010565e-14,6.88989e-16,0.14491900000000002,0.6703749999999999,0.80999888183,True,True,1.4808e-09,675310642.895732,True,True
r64_m1_nominal__tid_central,64,1,nominal,central,0.9,27.0,14.32,11.0,2.75,3.78223e-10,5.00092e-11,1.266985e-14,9.087865000000002e-16,0.3645590000000001,0.899347596,0.8999999358009,True,True,1.328223e-09,752885622.3691354,True,False
r64_m1_nominal__tid_conservative,64,1,nominal,conservative,0.9,27.0,14.32,11.0,2.75,3.78267e-10,5.00998e-11,1.267025e-14,9.063485e-16,0.364398,0.899323513,0.8999999355345,True,True,1.328267e-09,752860682.3778652,True,False
r64_m1_nominal__tid_stress_not_a_fit,64,1,nominal,stress_not_a_fit,0.9,27.0,14.32,11.0,2.75,3.77737e-10,5.00454e-11,1.26712e-14,9.02273e-16,0.36603700000000006,0.899309141,0.8999999353336,True,True,1.327737e-09,753161205.8713435,True,True
r64_m2_high_vdd_cold__tid_central,64,2,high_vdd_cold,central,0.99,-40.0,14.32,11.0,3.5,1.89255e-10,2.61574e-11,1.59168e-14,1.3242799999999999e-15,0.8024169999999999,0.989999844309,0.9899999589824,True,True,1.1392550000000001e-09,877766610.6358979,True,False
r64_m2_high_vdd_cold__tid_conservative,64,2,high_vdd_cold,conservative,0.99,-40.0,14.32,11.0,3.5,1.8889e-10,2.61049e-11,1.591715e-14,1.32088e-15,0.803354,0.989999843989,0.9899999588302,True,True,1.13889e-09,878047923.855684,True,False
r64_m2_high_vdd_cold__tid_stress_not_a_fit,64,2,high_vdd_cold,stress_not_a_fit,0.99,-40.0,14.32,11.0,3.5,1.88076e-10,2.59911e-11,1.591725e-14,1.3156e-15,0.8054020000000001,0.989999843402,0.9899999585407,True,True,1.1380760000000002e-09,878675940.7983296,True,True
r64_m2_high_vdd_hot__tid_central,64,2,high_vdd_hot,central,0.99,85.0,14.32,11.0,3.5,4.03571e-10,5.55296e-11,1.61243e-14,1.12265e-15,0.32836200000000004,0.98206785,0.989997767595,True,True,1.3535710000000002e-09,738786513.5999514,True,False
r64_m2_high_vdd_hot__tid_conservative,64,2,high_vdd_hot,conservative,0.99,85.0,14.32,11.0,3.5,4.03906e-10,5.57293e-11,1.61246e-14,1.12023e-15,0.327588,0.98183558,0.9899977678730001,True,True,1.353906e-09,738603713.9949154,True,False
r64_m2_high_vdd_hot__tid_stress_not_a_fit,64,2,high_vdd_hot,stress_not_a_fit,0.99,85.0,14.32,11.0,3.5,4.03626e-10,5.57883e-11,1.6125049999999998e-14,1.1161e-15,0.328229,0.9817434700000001,0.9899977694090001,True,True,1.353626e-09,738756495.5164869,True,True
r64_m2_low_vdd_cold__tid_central,64,2,low_vdd_cold,central,0.81,-40.0,14.32,11.0,3.5,3.19039e-10,4.0601e-11,1.066005e-14,7.32973e-16,0.43983599999999995,0.809998866578,0.8099999874912001,True,True,1.269039e-09,787997847.1898814,True,False
r64_m2_low_vdd_cold__tid_conservative,64,2,low_vdd_cold,conservative,0.81,-40.0,14.32,11.0,3.5,3.17944e-10,4.05192e-11,1.066015e-14,7.30611e-16,0.44126099999999996,0.809998863346,0.8099999874336,True,True,1.2679440000000001e-09,788678364.3441665,True,False
r64_m2_low_vdd_cold__tid_stress_not_a_fit,64,2,low_vdd_cold,stress_not_a_fit,0.81,-40.0,14.32,11.0,3.5,3.15354e-10,4.03062e-11,1.066085e-14,7.26912e-16,0.444666,0.809998860567,0.8099999873349001,True,True,1.265354e-09,790292676.9899964,True,True
r64_m2_low_vdd_hot__tid_central,64,2,low_vdd_hot,central,0.81,85.0,14.32,11.0,3.5,5.45751e-10,1.04823e-10,1.062555e-14,6.945435e-16,0.13762700000000005,0.6434610000000001,0.8099988779880001,True,True,1.4957510000000002e-09,668560475.6406647,True,False
r64_m2_low_vdd_hot__tid_conservative,64,2,low_vdd_hot,conservative,0.81,85.0,14.32,11.0,3.5,5.45759e-10,1.05157e-10,1.0610749999999999e-14,6.92683e-16,0.13764500000000002,0.643308,0.809998879165,True,True,1.495759e-09,668556899.8749131,True,False
r64_m2_low_vdd_hot__tid_stress_not_a_fit,64,2,low_vdd_hot,stress_not_a_fit,0.81,85.0,14.32,11.0,3.5,5.43496e-10,1.0509e-10,1.05872e-14,6.88989e-16,0.13871,0.6472119999999999,0.80999888183,True,True,1.4934960000000002e-09,669569921.8477986,True,True
r64_m2_nominal__tid_central,64,2,nominal,central,0.9,27.0,14.32,11.0,3.5,3.83154e-10,5.00092e-11,1.325195e-14,9.087865000000002e-16,0.349395,0.8990890109999999,0.8999999358009,True,True,1.3331540000000001e-09,750100888.5695125,True,False
r64_m2_nominal__tid_conservative,64,2,nominal,conservative,0.9,27.0,14.32,11.0,3.5,3.83201e-10,5.00998e-11,1.325195e-14,9.063485e-16,0.34923899999999997,0.899057236,0.8999999355345,True,True,1.3332010000000002e-09,750074444.8886551,True,False
r64_m2_nominal__tid_stress_not_a_fit,64,2,nominal,stress_not_a_fit,0.9,27.0,14.32,11.0,3.5,3.82649e-10,5.00454e-11,1.3253150000000001e-14,9.02273e-16,0.350811,0.899043413,0.8999999353336,True,True,1.332649e-09,750385135.1706263,True,True
r64_m4_high_vdd_cold__tid_central,64,4,high_vdd_cold,central,0.99,-40.0,14.32,11.0,5.0,2.0572e-10,2.61574e-11,1.736365e-14,1.3242799999999999e-15,0.760931,0.989999843422,0.9899999589824,True,True,1.1557200000000002e-09,865261482.0198662,True,False
r64_m4_high_vdd_cold__tid_conservative,64,4,high_vdd_cold,conservative,0.99,-40.0,14.32,11.0,5.0,2.05323e-10,2.61049e-11,1.73637e-14,1.32088e-15,0.762059,0.989999843069,0.9899999588302,True,True,1.1553230000000002e-09,865558809.0949455,True,False
r64_m4_high_vdd_cold__tid_stress_not_a_fit,64,4,high_vdd_cold,stress_not_a_fit,0.99,-40.0,14.32,11.0,5.0,2.04436e-10,2.59911e-11,1.73636e-14,1.3156e-15,0.7645170000000001,0.989999842448,0.9899999585407,True,True,1.154436e-09,866223853.0329962,True,True
r64_m4_high_vdd_hot__tid_central,64,4,high_vdd_hot,central,0.99,85.0,14.32,11.0,5.0,4.15348e-10,5.55296e-11,1.757825e-14,1.12265e-15,0.302843,0.9771595799999999,0.989997767595,True,True,1.3653480000000002e-09,732414007.2714062,True,False
r64_m4_high_vdd_hot__tid_conservative,64,4,high_vdd_hot,conservative,0.99,85.0,14.32,11.0,5.0,4.15718e-10,5.57293e-11,1.75791e-14,1.12023e-15,0.302125,0.97682327,0.9899977678730001,True,True,1.365718e-09,732215581.8404677,True,False
r64_m4_high_vdd_hot__tid_stress_not_a_fit,64,4,high_vdd_hot,stress_not_a_fit,0.99,85.0,14.32,11.0,5.0,4.15416e-10,5.57883e-11,1.75795e-14,1.1161e-15,0.30271500000000007,0.97672199,0.9899977694090001,True,True,1.365416e-09,732377531.8291276,True,True
r64_m4_low_vdd_cold__tid_central,64,4,low_vdd_cold,central,0.81,-40.0,14.32,11.0,5.0,3.46522e-10,4.0601e-11,1.1618600000000001e-14,7.32973e-16,0.40669000000000005,0.809996696213,0.8099999874912001,True,True,1.2965220000000002e-09,771294278.0762686,True,False
r64_m4_low_vdd_cold__tid_conservative,64,4,low_vdd_cold,conservative,0.81,-40.0,14.32,11.0,5.0,3.45391e-10,4.05192e-11,1.161915e-14,7.30611e-16,0.408013,0.809996690325,0.8099999874336,True,True,1.295391e-09,771967691.6081709,True,False
r64_m4_low_vdd_cold__tid_stress_not_a_fit,64,4,low_vdd_cold,stress_not_a_fit,0.81,-40.0,14.32,11.0,5.0,3.42712e-10,4.03062e-11,1.162015e-14,7.26912e-16,0.41117699999999996,0.8099966881549999,0.8099999873349001,True,True,1.292712e-09,773567507.6892611,True,True
r64_m4_low_vdd_hot__tid_central,64,4,low_vdd_hot,central,0.81,85.0,14.32,11.0,5.0,5.71704e-10,1.04823e-10,1.159445e-14,6.945435e-16,0.126761,0.597232,0.8099988779880001,True,True,1.5217040000000003e-09,657158028.1053344,True,False
r64_m4_low_vdd_hot__tid_conservative,64,4,low_vdd_hot,conservative,0.81,85.0,14.32,11.0,5.0,5.7172e-10,1.05157e-10,1.15786e-14,6.92683e-16,0.12677800000000006,0.5971219999999999,0.809998879165,True,True,1.52172e-09,657151118.4712037,True,False
r64_m4_low_vdd_hot__tid_stress_not_a_fit,64,4,low_vdd_hot,stress_not_a_fit,0.81,85.0,14.32,11.0,5.0,5.69229e-10,1.0509e-10,1.155595e-14,6.88989e-16,0.1277600000000001,0.601278,0.80999888183,True,True,1.519229e-09,658228614.6459816,True,True
r64_m4_nominal__tid_central,64,4,nominal,central,0.9,27.0,14.32,11.0,5.0,3.92993e-10,5.00092e-11,1.4437950000000003e-14,9.087865000000002e-16,0.3225349999999999,0.898307784,0.8999999358009,True,True,1.342993e-09,744605519.1650292,True,False
r64_m4_nominal__tid_conservative,64,4,nominal,conservative,0.9,27.0,14.32,11.0,5.0,3.93045e-10,5.00998e-11,1.443845e-14,9.063485e-16,0.322388,0.898259558,0.8999999355345,True,True,1.343045e-09,744576689.5375806,True,False
r64_m4_nominal__tid_stress_not_a_fit,64,4,nominal,stress_not_a_fit,0.9,27.0,14.32,11.0,5.0,3.92448e-10,5.00454e-11,1.4439099999999998e-14,9.02273e-16,0.32384,0.898248217,0.8999999353336,True,True,1.3424480000000002e-09,744907810.2094084,True,True
r64_m8_high_vdd_cold__tid_central,64,8,high_vdd_cold,central,0.99,-40.0,14.32,11.0,8.0,2.38529e-10,2.61574e-11,2.0290999999999998e-14,1.3242799999999999e-15,0.679872,0.9899998318859999,0.9899999589824,True,True,1.188529e-09,841376188.5490384,True,False
r64_m8_high_vdd_cold__tid_conservative,64,8,high_vdd_cold,conservative,0.99,-40.0,14.32,11.0,8.0,2.38065e-10,2.61049e-11,2.02907e-14,1.32088e-15,0.6810069999999999,0.9899998313,0.9899999588302,True,True,1.188065e-09,841704788.8793963,True,False
r64_m8_high_vdd_cold__tid_stress_not_a_fit,64,8,high_vdd_cold,stress_not_a_fit,0.99,-40.0,14.32,11.0,8.0,2.37036e-10,2.59911e-11,2.029065e-14,1.3156e-15,0.6835019999999999,0.989999830512,0.9899999585407,True,True,1.187036e-09,842434433.3280541,True,True
r64_m8_high_vdd_hot__tid_central,64,8,high_vdd_hot,central,0.99,85.0,14.32,11.0,8.0,4.39278e-10,5.55296e-11,2.05597e-14,1.12265e-15,0.2620769999999999,0.9609363,0.989997767595,True,True,1.3892780000000002e-09,719798341.2967023,True,False
r64_m8_high_vdd_hot__tid_conservative,64,8,high_vdd_hot,conservative,0.99,85.0,14.32,11.0,8.0,4.39724e-10,5.57293e-11,2.056155e-14,1.12023e-15,0.26144999999999996,0.9603092000000001,0.9899977678730001,True,True,1.389724e-09,719567338.5506762,True,False
r64_m8_high_vdd_hot__tid_stress_not_a_fit,64,8,high_vdd_hot,stress_not_a_fit,0.99,85.0,14.32,11.0,8.0,4.39382e-10,5.57883e-11,2.0562449999999997e-14,1.1161e-15,0.261961,0.9602178,0.9899977694090001,True,True,1.3893820000000002e-09,719744461.9262376,True,True
r64_m8_low_vdd_cold__tid_central,64,8,low_vdd_cold,central,0.81,-40.0,14.32,11.0,8.0,3.70032e-10,4.0601e-11,1.35605e-14,7.32973e-16,0.35325000000000006,0.8099829076499999,0.8099999874912001,True,True,1.320032e-09,757557392.5480595,True,False
r64_m8_low_vdd_cold__tid_conservative,64,8,low_vdd_cold,conservative,0.81,-40.0,14.32,11.0,8.0,3.6967e-10,4.05192e-11,1.356085e-14,7.30611e-16,0.354405,0.8099819112300001,0.8099999874336,True,True,1.31967e-09,757765198.8754764,True,False
r64_m8_low_vdd_cold__tid_stress_not_a_fit,64,8,low_vdd_cold,stress_not_a_fit,0.81,-40.0,14.32,11.0,8.0,3.68815e-10,4.03062e-11,1.35613e-14,7.26912e-16,0.35717,0.80998197591,0.8099999873349001,True,True,1.318815e-09,758256465.0841854,True,True
r64_m8_low_vdd_hot__tid_central,64,8,low_vdd_hot,central,0.81,85.0,14.32,11.0,8.0,6.24874e-10,1.04823e-10,1.341835e-14,6.945435e-16,0.10948400000000003,0.515506,0.8099988779880001,True,True,1.574874e-09,634971432.6352458,True,False
r64_m8_low_vdd_hot__tid_conservative,64,8,low_vdd_hot,conservative,0.81,85.0,14.32,11.0,8.0,6.24895e-10,1.05157e-10,1.339705e-14,6.92683e-16,0.10949799999999998,0.515438,0.809998879165,True,True,1.574895e-09,634962965.7850206,True,False
r64_m8_low_vdd_hot__tid_stress_not_a_fit,64,8,low_vdd_hot,stress_not_a_fit,0.81,85.0,14.32,11.0,8.0,6.21936e-10,1.0509e-10,1.33757e-14,6.88989e-16,0.11034900000000003,0.519422,0.80999888183,True,True,1.5719360000000002e-09,636158215.0927263,True,True
r64_m8_nominal__tid_central,64,8,nominal,central,0.9,27.0,14.32,11.0,8.0,4.1271e-10,5.00092e-11,1.68539e-14,9.087865000000002e-16,0.27951099999999995,0.89504805,0.8999999358009,True,True,1.3627100000000001e-09,733831849.7699436,True,False
r64_m8_nominal__tid_conservative,64,8,nominal,conservative,0.9,27.0,14.32,11.0,8.0,4.12774e-10,5.00998e-11,1.685455e-14,9.063485e-16,0.27937999999999996,0.8949464,0.8999999355345,True,True,1.362774e-09,733797386.8007461,True,False
r64_m8_nominal__tid_stress_not_a_fit,64,8,nominal,stress_not_a_fit,0.9,27.0,14.32,11.0,8.0,4.12086e-10,5.00454e-11,1.685545e-14,9.02273e-16,0.28064100000000003,0.89497374,0.8999999353336,True,True,1.3620860000000002e-09,734168033.4428222,True,True
r128_m1_high_vdd_cold__tid_central,128,1,high_vdd_cold,central,0.99,-40.0,14.32,20.0,2.75,2.78548e-10,2.60955e-11,2.412705e-14,1.32063e-15,0.605443,0.989998572432,0.9899999589824,True,True,1.228548e-09,813969010.5718294,True,False
r128_m1_high_vdd_cold__tid_conservative,128,1,high_vdd_cold,conservative,0.99,-40.0,14.32,20.0,2.75,2.78007e-10,2.60433e-11,2.41279e-14,1.317145e-15,0.606563,0.989998571812,0.9899999588301,True,True,1.228007e-09,814327605.6243979,True,False
r128_m1_high_vdd_cold__tid_stress_not_a_fit,128,1,high_vdd_cold,stress_not_a_fit,0.99,-40.0,14.32,20.0,2.75,2.76803e-10,2.59304e-11,2.41283e-14,1.31192e-15,0.608954,0.989998573706,0.9899999585408,True,True,1.226803e-09,815126797.0489149,True,True
r128_m1_high_vdd_hot__tid_central,128,1,high_vdd_hot,central,0.99,85.0,14.32,20.0,2.75,4.68215e-10,5.55065e-11,2.3857950000000002e-14,1.12004e-15,0.22472099999999995,0.9262142,0.989997767595,True,True,1.4182150000000002e-09,705111707.3222325,True,False
r128_m1_high_vdd_hot__tid_conservative,128,1,high_vdd_hot,conservative,0.99,85.0,14.32,20.0,2.75,4.68762e-10,5.57064e-11,2.3827649999999998e-14,1.11762e-15,0.22418000000000005,0.9251360000000001,0.9899977678730001,True,True,1.418762e-09,704839853.3369234,True,False
r128_m1_high_vdd_hot__tid_stress_not_a_fit,128,1,high_vdd_hot,stress_not_a_fit,0.99,85.0,14.32,20.0,2.75,4.68372e-10,5.57658e-11,2.378425e-14,1.1134549999999999e-15,0.22461999999999993,0.9251416,0.9899977694090001,True,True,1.4183720000000002e-09,705033658.3068475,True,True
r128_m1_low_vdd_cold__tid_central,128,1,low_vdd_cold,central,0.81,-40.0,14.32,20.0,2.75,3.85813e-10,4.05635e-11,1.60929e-14,7.31782e-16,0.30385699999999993,0.8098907718,0.8099999874912001,True,True,1.335813e-09,748607776.6873057,True,False
r128_m1_low_vdd_cold__tid_conservative,128,1,low_vdd_cold,conservative,0.81,-40.0,14.32,20.0,2.75,3.85391e-10,4.04816e-11,1.60931e-14,7.29377e-16,0.304856,0.8098892951000001,0.8099999874336,True,True,1.3353910000000002e-09,748844345.9630923,True,False
r128_m1_low_vdd_cold__tid_stress_not_a_fit,128,1,low_vdd_cold,stress_not_a_fit,0.81,-40.0,14.32,20.0,2.75,3.84395e-10,4.02704e-11,1.609345e-14,7.25578e-16,0.30724700000000005,0.8098888962999999,0.8099999873349001,True,True,1.334395e-09,749403287.6322229,True,True
r128_m1_low_vdd_hot__tid_central,128,1,low_vdd_hot,central,0.81,85.0,14.32,20.0,2.75,6.91279e-10,1.04818e-10,1.30006e-14,6.93094e-16,0.09371399999999996,0.43733999999999995,0.8099988779880001,True,True,1.641279e-09,609280932.7359943,True,False
r128_m1_low_vdd_hot__tid_conservative,128,1,low_vdd_hot,conservative,0.81,85.0,14.32,20.0,2.75,6.91317e-10,1.05153e-10,1.290915e-14,6.91184e-16,0.09372600000000009,0.437232,0.809998879165,True,True,1.6413170000000002e-09,609266826.5788997,True,False
r128_m1_low_vdd_hot__tid_stress_not_a_fit,128,1,low_vdd_hot,stress_not_a_fit,0.81,85.0,14.32,20.0,2.75,6.87772e-10,1.05087e-10,1.28053e-14,6.8764e-16,0.09445599999999998,0.44073999999999997,0.80999888183,True,True,1.637772e-09,610585600.4376677,True,True
r128_m1_nominal__tid_central,128,1,nominal,central,0.9,27.0,14.32,20.0,2.75,4.35885e-10,4.99816e-11,1.992995e-14,9.06539e-16,0.23995699999999998,0.8850429000000001,0.8999999358008001,True,True,1.3858850000000001e-09,721560591.2467484,True,False
r128_m1_nominal__tid_conservative,128,1,nominal,conservative,0.9,27.0,14.32,20.0,2.75,4.35968e-10,5.00729e-11,1.99227e-14,9.0418e-16,0.239842,0.8848385000000001,0.8999999355345,True,True,1.3859680000000001e-09,721517379.9106473,True,False
r128_m1_nominal__tid_stress_not_a_fit,128,1,nominal,stress_not_a_fit,0.9,27.0,14.32,20.0,2.75,4.35163e-10,5.00202e-11,1.991185e-14,9.00165e-16,0.24092999999999998,0.8850296999999999,0.8999999353336,True,True,1.385163e-09,721936696.2588519,True,True
r128_m2_high_vdd_cold__tid_central,128,2,high_vdd_cold,central,0.99,-40.0,14.32,20.0,3.5,2.86827e-10,2.60955e-11,2.48445e-14,1.32063e-15,0.591639,0.9899984344689999,0.9899999589824,True,True,1.236827e-09,808520512.5696641,True,False
r128_m2_high_vdd_cold__tid_conservative,128,2,high_vdd_cold,conservative,0.99,-40.0,14.32,20.0,3.5,2.86269e-10,2.60433e-11,2.48446e-14,1.317145e-15,0.592751,0.989998434265,0.9899999588301,True,True,1.236269e-09,808885444.8344171,True,False
r128_m2_high_vdd_cold__tid_stress_not_a_fit,128,2,high_vdd_cold,stress_not_a_fit,0.99,-40.0,14.32,20.0,3.5,2.85029e-10,2.59304e-11,2.484515e-14,1.31192e-15,0.595143,0.9899984385949999,0.9899999585408,True,True,1.2350290000000001e-09,809697586.0485866,True,True
r128_m2_high_vdd_hot__tid_central,128,2,high_vdd_hot,central,0.99,85.0,14.32,20.0,3.5,4.74526e-10,5.55065e-11,2.4594400000000002e-14,1.12004e-15,0.21838800000000003,0.9171950999999999,0.989997767595,True,True,1.4245260000000002e-09,701987889.3049335,True,False
r128_m2_high_vdd_hot__tid_conservative,128,2,high_vdd_hot,conservative,0.99,85.0,14.32,20.0,3.5,4.75094e-10,5.57064e-11,2.45643e-14,1.11762e-15,0.217862,0.9160134999999999,0.9899977678730001,True,True,1.4250940000000001e-09,701708097.8517908,True,False
r128_m2_high_vdd_hot__tid_stress_not_a_fit,128,2,high_vdd_hot,stress_not_a_fit,0.99,85.0,14.32,20.0,3.5,4.74693e-10,5.57658e-11,2.452165e-14,1.1134549999999999e-15,0.21828800000000004,0.9160499000000001,0.9899977694090001,True,True,1.424693e-09,701905603.5230045,True,True
r128_m2_low_vdd_cold__tid_central,128,2,low_vdd_cold,central,0.81,-40.0,14.32,20.0,3.5,3.894e-10,4.05635e-11,1.6566149999999998e-14,7.31782e-16,0.2954509999999999,0.8098544764,0.8099999874912001,True,True,1.3394000000000002e-09,746602956.5477078,True,False
r128_m2_low_vdd_cold__tid_conservative,128,2,low_vdd_cold,conservative,0.81,-40.0,14.32,20.0,3.5,3.88966e-10,4.04816e-11,1.65664e-14,7.29377e-16,0.2964220000000001,0.8098533079,0.8099999874336,True,True,1.338966e-09,746844953.4939648,True,False
r128_m2_low_vdd_cold__tid_stress_not_a_fit,128,2,low_vdd_cold,stress_not_a_fit,0.81,-40.0,14.32,20.0,3.5,3.87944e-10,4.02704e-11,1.6566849999999998e-14,7.25578e-16,0.29874900000000004,0.80985376,0.8099999873349001,True,True,1.337944e-09,747415437.4174106,True,True
r128_m2_low_vdd_hot__tid_central,128,2,low_vdd_hot,central,0.81,85.0,14.32,20.0,3.5,7.05294e-10,1.04818e-10,1.3338899999999999e-14,6.93094e-16,0.09104299999999999,0.42325300000000005,0.8099988779880001,True,True,1.655294e-09,604122288.8501981,True,False
r128_m2_low_vdd_hot__tid_conservative,128,2,low_vdd_hot,conservative,0.81,85.0,14.32,20.0,3.5,7.05335e-10,1.05153e-10,1.32475e-14,6.91184e-16,0.091055,0.42313799999999996,0.809998879165,True,True,1.6553350000000003e-09,604107325.7074851,True,False
r128_m2_low_vdd_hot__tid_stress_not_a_fit,128,2,low_vdd_hot,stress_not_a_fit,0.81,85.0,14.32,20.0,3.5,7.01666e-10,1.05087e-10,1.3150150000000001e-14,6.8764e-16,0.0917650000000001,0.426557,0.80999888183,True,True,1.651666e-09,605449285.7514776,True,True
r128_m2_nominal__tid_central,128,2,nominal,central,0.9,27.0,14.32,20.0,3.5,4.40998e-10,4.99816e-11,2.052455e-14,9.06539e-16,0.23324499999999992,0.8820136000000001,0.8999999358008001,True,True,1.390998e-09,718908294.6201216,True,False
r128_m2_nominal__tid_conservative,128,2,nominal,conservative,0.9,27.0,14.32,20.0,3.5,4.41084e-10,5.00729e-11,2.0517800000000002e-14,9.0418e-16,0.233132,0.8817842,0.8999999355345,True,True,1.3910840000000002e-09,718863850.0622535,True,False
r128_m2_nominal__tid_stress_not_a_fit,128,2,nominal,stress_not_a_fit,0.9,27.0,14.32,20.0,3.5,4.40255e-10,5.00202e-11,2.05066e-14,9.00165e-16,0.2341890000000001,0.8820282,0.8999999353336,True,True,1.3902550000000002e-09,719292503.8931706,True,True
r128_m4_high_vdd_cold__tid_central,128,4,high_vdd_cold,central,0.99,-40.0,14.32,20.0,5.0,3.03333e-10,2.60955e-11,2.62916e-14,1.32063e-15,0.5643199999999999,0.9899969349000001,0.9899999589824,True,True,1.253333e-09,797872552.6256789,True,False
r128_m4_high_vdd_cold__tid_conservative,128,4,high_vdd_cold,conservative,0.99,-40.0,14.32,20.0,5.0,3.02743e-10,2.60433e-11,2.6292e-14,1.317145e-15,0.565391,0.98999693707,0.9899999588301,True,True,1.252743e-09,798248323.8780819,True,False
r128_m4_high_vdd_cold__tid_stress_not_a_fit,128,4,high_vdd_cold,stress_not_a_fit,0.99,-40.0,14.32,20.0,5.0,3.0143e-10,2.59304e-11,2.629265e-14,1.31192e-15,0.567734,0.98999695059,0.9899999585408,True,True,1.25143e-09,799085845.7924135,True,True
r128_m4_high_vdd_hot__tid_central,128,4,high_vdd_hot,central,0.99,85.0,14.32,20.0,5.0,4.87245e-10,5.55065e-11,2.6096050000000002e-14,1.12004e-15,0.206731,0.897095,0.989997767595,True,True,1.4372450000000002e-09,695775598.4539865,True,False
r128_m4_high_vdd_hot__tid_conservative,128,4,high_vdd_hot,conservative,0.99,85.0,14.32,20.0,5.0,4.87854e-10,5.57064e-11,2.6066150000000002e-14,1.11762e-15,0.20623199999999997,0.8957139,0.9899977678730001,True,True,1.437854e-09,695480904.1808139,True,False
r128_m4_high_vdd_hot__tid_stress_not_a_fit,128,4,high_vdd_hot,stress_not_a_fit,0.99,85.0,14.32,20.0,5.0,4.87432e-10,5.57658e-11,2.6023800000000003e-14,1.1134549999999999e-15,0.206635,0.8958148,0.9899977694090001,True,True,1.4374319999999999e-09,695685082.8421798,True,True
r128_m4_low_vdd_cold__tid_central,128,4,low_vdd_cold,central,0.81,-40.0,14.32,20.0,5.0,3.96552e-10,4.05635e-11,1.752845e-14,7.31782e-16,0.279953,0.8097494982,0.8099999874912001,True,True,1.346552e-09,742637491.9052513,True,False
r128_m4_low_vdd_cold__tid_conservative,128,4,low_vdd_cold,conservative,0.81,-40.0,14.32,20.0,5.0,3.96094e-10,4.04816e-11,1.752855e-14,7.29377e-16,0.28087399999999996,0.8097484006,0.8099999874336,True,True,1.346094e-09,742890169.6315413,True,False
r128_m4_low_vdd_cold__tid_stress_not_a_fit,128,4,low_vdd_cold,stress_not_a_fit,0.81,-40.0,14.32,20.0,5.0,3.95017e-10,4.02704e-11,1.75287e-14,7.25578e-16,0.283083,0.8097528423,0.8099999873349001,True,True,1.3450170000000003e-09,743485026.583307,True,True
r128_m4_low_vdd_hot__tid_central,128,4,low_vdd_hot,central,0.81,85.0,14.32,20.0,5.0,7.33539e-10,1.04818e-10,1.39612e-14,6.93094e-16,0.08613199999999999,0.39710599999999996,0.8099988779880001,True,True,1.6835390000000003e-09,593986833.6878444,True,False
r128_m4_low_vdd_hot__tid_conservative,128,4,low_vdd_hot,conservative,0.81,85.0,14.32,20.0,5.0,7.33583e-10,1.05153e-10,1.38719e-14,6.91184e-16,0.08614299999999997,0.396983,0.809998879165,True,True,1.6835830000000002e-09,593971309.9977844,True,False
r128_m4_low_vdd_hot__tid_stress_not_a_fit,128,4,low_vdd_hot,stress_not_a_fit,0.81,85.0,14.32,20.0,5.0,7.29668e-10,1.05087e-10,1.378965e-14,6.8764e-16,0.08681500000000009,0.40023100000000006,0.80999888183,True,True,1.679668e-09,595355748.8741822,True,True
r128_m4_nominal__tid_central,128,4,nominal,central,0.9,27.0,14.32,20.0,5.0,4.51281e-10,4.99816e-11,2.173865e-14,9.06539e-16,0.22088200000000002,0.8745938,0.8999999358008001,True,True,1.401281e-09,713632740.3283138,True,False
r128_m4_nominal__tid_conservative,128,4,nominal,conservative,0.9,27.0,14.32,20.0,5.0,4.51375e-10,5.00729e-11,2.1732300000000002e-14,9.0418e-16,0.22077499999999994,0.8743097,0.8999999355345,True,True,1.401375e-09,713584872.0007136,True,False
r128_m4_nominal__tid_stress_not_a_fit,128,4,nominal,stress_not_a_fit,0.9,27.0,14.32,20.0,5.0,4.50496e-10,5.00202e-11,2.17207e-14,9.00165e-16,0.22177600000000008,0.8746851,0.8999999353336,True,True,1.4004960000000002e-09,714032742.6854484,True,True
r128_m8_high_vdd_cold__tid_central,128,8,high_vdd_cold,central,0.99,-40.0,14.32,20.0,8.0,3.36227e-10,2.60955e-11,2.92059e-14,1.32063e-15,0.5135939999999999,0.9899899066100001,0.9899999589824,True,True,1.286227e-09,777467740.9197599,True,False
r128_m8_high_vdd_cold__tid_conservative,128,8,high_vdd_cold,conservative,0.99,-40.0,14.32,20.0,8.0,3.35572e-10,2.60433e-11,2.920645e-14,1.317145e-15,0.514568,0.9899899274,0.9899999588301,True,True,1.285572e-09,777863861.378437,True,False
r128_m8_high_vdd_cold__tid_stress_not_a_fit,128,8,high_vdd_cold,stress_not_a_fit,0.99,-40.0,14.32,20.0,8.0,3.34116e-10,2.59304e-11,2.920705e-14,1.31192e-15,0.516731,0.9899899989400001,0.9899999585408,True,True,1.284116e-09,778745845.3909148,True,True
r128_m8_high_vdd_hot__tid_central,128,8,high_vdd_hot,central,0.99,85.0,14.32,20.0,8.0,5.13067e-10,5.55065e-11,2.91458e-14,1.12004e-15,0.1867850000000001,0.8496640000000001,0.989997767595,True,True,1.4630670000000003e-09,683495697.7363305,True,False
r128_m8_high_vdd_hot__tid_conservative,128,8,high_vdd_hot,conservative,0.99,85.0,14.32,20.0,8.0,5.13761e-10,5.57064e-11,2.91164e-14,1.11762e-15,0.18633299999999997,0.847919,0.9899977678730001,True,True,1.4637610000000002e-09,683171637.9928143,True,False
r128_m8_high_vdd_hot__tid_stress_not_a_fit,128,8,high_vdd_hot,stress_not_a_fit,0.99,85.0,14.32,20.0,8.0,5.13295e-10,5.57658e-11,2.90746e-14,1.1134549999999999e-15,0.18669599999999997,0.8481909999999999,0.9899977694090001,True,True,1.4632950000000002e-09,683389200.400466,True,True
r128_m8_low_vdd_cold__tid_central,128,8,low_vdd_cold,central,0.81,-40.0,14.32,20.0,8.0,4.1083e-10,4.05635e-11,1.948145e-14,7.31782e-16,0.25335300000000005,0.809307434,0.8099999874912001,True,True,1.3608300000000001e-09,734845645.6721265,True,False
r128_m8_low_vdd_cold__tid_conservative,128,8,low_vdd_cold,conservative,0.81,-40.0,14.32,20.0,8.0,4.10323e-10,4.04816e-11,1.94815e-14,7.29377e-16,0.254189,0.809311699,0.8099999874336,True,True,1.3603230000000002e-09,735119526.7594533,True,False
r128_m8_low_vdd_cold__tid_stress_not_a_fit,128,8,low_vdd_cold,stress_not_a_fit,0.81,-40.0,14.32,20.0,8.0,4.09132e-10,4.02704e-11,1.94819e-14,7.25578e-16,0.2561920000000001,0.809332405,0.8099999873349001,True,True,1.359132e-09,735763708.013644,True,True
r128_m8_low_vdd_hot__tid_central,128,8,low_vdd_hot,central,0.81,85.0,14.32,20.0,8.0,7.90769e-10,1.04818e-10,1.494095e-14,6.93094e-16,0.07774999999999999,0.35187,0.8099988779880001,True,True,1.740769e-09,574458759.3184391,True,False
r128_m8_low_vdd_hot__tid_conservative,128,8,low_vdd_hot,conservative,0.81,85.0,14.32,20.0,8.0,7.90819e-10,1.05153e-10,1.4854749999999998e-14,6.91184e-16,0.07776000000000005,0.35174,0.809998879165,True,True,1.7408189999999999e-09,574442259.6490502,True,False
r128_m8_low_vdd_hot__tid_stress_not_a_fit,128,8,low_vdd_hot,stress_not_a_fit,0.81,85.0,14.32,20.0,8.0,7.86404e-10,1.05087e-10,1.47977e-14,6.8764e-16,0.07836699999999996,0.35468799999999995,0.80999888183,True,True,1.736404e-09,575902842.8867936,True,True
r128_m8_nominal__tid_central,128,8,nominal,central,0.9,27.0,14.32,20.0,8.0,4.72095e-10,4.99816e-11,2.42146e-14,9.06539e-16,0.19970200000000005,0.8535757,0.8999999358008001,True,True,1.422095e-09,703187902.355328,True,False
r128_m8_nominal__tid_conservative,128,8,nominal,conservative,0.9,27.0,14.32,20.0,8.0,4.72206e-10,5.00729e-11,2.42083e-14,9.0418e-16,0.199604,0.8531751,0.8999999355345,True,True,1.4222060000000002e-09,703133020.1110106,True,False
r128_m8_nominal__tid_stress_not_a_fit,128,8,nominal,stress_not_a_fit,0.9,27.0,14.32,20.0,8.0,4.71229e-10,5.00202e-11,2.419735e-14,9.00165e-16,0.20050999999999997,0.8539172,0.8999999353336,True,True,1.4212290000000002e-09,703616377.0933466,True,True
r256_m1_high_vdd_cold__tid_central,256,1,high_vdd_cold,central,0.99,-40.0,14.32,38.0,2.75,3.82228e-10,2.59826e-11,4.18304e-14,1.31498e-15,0.368907,0.989423539,0.9899999589824,True,True,1.3322280000000003e-09,750622265.8583964,True,False
r256_m1_high_vdd_cold__tid_conservative,256,1,high_vdd_cold,conservative,0.99,-40.0,14.32,38.0,2.75,3.8198e-10,2.59289e-11,4.183035e-14,1.31144e-15,0.36960399999999993,0.989425028,0.9899999588302,True,True,1.3319800000000002e-09,750762023.4538054,True,False
r256_m1_high_vdd_cold__tid_stress_not_a_fit,256,1,high_vdd_cold,stress_not_a_fit,0.99,-40.0,14.32,38.0,2.75,3.81427e-10,2.58175e-11,4.183065e-14,1.30623e-15,0.371167,0.989433986,0.9899999585408,True,True,1.331427e-09,751073847.8339405,True,True
r256_m1_high_vdd_hot__tid_central,256,1,high_vdd_hot,central,0.99,85.0,14.32,38.0,2.75,6.23327e-10,5.54532e-11,3.37553e-14,1.11707e-15,0.1330309999999999,0.625354,0.989997767595,True,True,1.5733270000000003e-09,635595778.8813132,True,False
r256_m1_high_vdd_hot__tid_conservative,256,1,high_vdd_hot,conservative,0.99,85.0,14.32,38.0,2.75,6.24389e-10,5.56538e-11,3.3553499999999994e-14,1.11468e-15,0.132706,0.623274,0.9899977678730001,True,True,1.574389e-09,635167039.4038576,True,False
r256_m1_high_vdd_hot__tid_stress_not_a_fit,256,1,high_vdd_hot,stress_not_a_fit,0.99,85.0,14.32,38.0,2.75,6.23734e-10,5.57142e-11,3.330895e-14,1.11052e-15,0.132965,0.624,0.9899977694090001,True,True,1.5737340000000001e-09,635431400.7322711,True,True
r256_m1_low_vdd_cold__tid_central,256,1,low_vdd_cold,central,0.81,-40.0,14.32,38.0,2.75,4.6849e-10,4.04641e-11,2.770095e-14,7.29588e-16,0.18118,0.7893806,0.8099999874912001,True,True,1.4184900000000001e-09,704975008.6359438,True,False
r256_m1_low_vdd_cold__tid_conservative,256,1,low_vdd_cold,conservative,0.81,-40.0,14.32,38.0,2.75,4.67758e-10,4.03834e-11,2.767755e-14,7.27129e-16,0.181782,0.7898183,0.8099999874336,True,True,1.417758e-09,705338992.9734129,True,False
r256_m1_low_vdd_cold__tid_stress_not_a_fit,256,1,low_vdd_cold,stress_not_a_fit,0.81,-40.0,14.32,38.0,2.75,4.66042e-10,4.01727e-11,2.764005e-14,7.231005e-16,0.18322400000000005,0.7908875000000001,0.8099999873349001,True,True,1.4160420000000002e-09,706193742.8409609,True,True
r256_m1_low_vdd_hot__tid_central,256,1,low_vdd_hot,central,0.81,85.0,14.32,38.0,2.75,1.03771e-09,1.04793e-10,1.163305e-14,6.91415e-16,0.055227000000000026,0.22938500000000006,0.8099988779880001,True,True,1.98771e-09,503091497.250605,True,False
r256_m1_low_vdd_hot__tid_conservative,256,1,low_vdd_hot,conservative,0.81,85.0,14.32,38.0,2.75,1.03779e-09,1.05128e-10,1.151825e-14,6.89502e-16,0.055234000000000005,0.22922300000000007,0.809998879164,True,True,1.9877900000000002e-09,503071249.9811348,True,False
r256_m1_low_vdd_hot__tid_stress_not_a_fit,256,1,low_vdd_hot,stress_not_a_fit,0.81,85.0,14.32,38.0,2.75,1.03122e-09,1.05064e-10,1.139415e-14,6.86041e-16,0.055665000000000076,0.231217,0.80999888183,True,True,1.9812200000000003e-09,504739503.94201547,True,True
r256_m1_nominal__tid_central,256,1,nominal,central,0.9,27.0,14.32,38.0,2.75,5.60195e-10,4.99135e-11,3.1062799999999997e-14,9.04408e-16,0.14246800000000004,0.690949,0.8999999358009,True,True,1.510195e-09,662166144.1072179,True,False
r256_m1_nominal__tid_conservative,256,1,nominal,conservative,0.9,27.0,14.32,38.0,2.75,5.60386e-10,5.0005e-11,3.09252e-14,9.020635e-16,0.142397,0.690378,0.8999999355346,True,True,1.5103860000000002e-09,662082408.0731679,True,False
r256_m1_nominal__tid_stress_not_a_fit,256,1,nominal,stress_not_a_fit,0.9,27.0,14.32,38.0,2.75,5.58969e-10,4.99518e-11,3.0735650000000004e-14,8.97913e-16,0.1430450000000001,0.6928829999999999,0.8999999353336,True,True,1.5089690000000001e-09,662704137.7258247,True,True
r256_m2_high_vdd_cold__tid_central,256,2,high_vdd_cold,central,0.99,-40.0,14.32,38.0,3.5,3.84459e-10,2.59826e-11,4.254535e-14,1.31498e-15,0.3627250000000001,0.989328037,0.9899999589824,True,True,1.334459e-09,749367346.6176181,True,False
r256_m2_high_vdd_cold__tid_conservative,256,2,high_vdd_cold,conservative,0.99,-40.0,14.32,38.0,3.5,3.84205e-10,2.59289e-11,4.2545149999999995e-14,1.31144e-15,0.36341100000000004,0.989331206,0.9899999588302,True,True,1.3342050000000002e-09,749510007.8323795,True,False
r256_m2_high_vdd_cold__tid_stress_not_a_fit,256,2,high_vdd_cold,stress_not_a_fit,0.99,-40.0,14.32,38.0,3.5,3.83643e-10,2.58175e-11,4.254525e-14,1.30623e-15,0.364947,0.9893408619999999,0.9899999585408,True,True,1.333643e-09,749825852.9456533,True,True
r256_m2_high_vdd_hot__tid_central,256,2,high_vdd_hot,central,0.99,85.0,14.32,38.0,3.5,6.30345e-10,5.54532e-11,3.44125e-14,1.11707e-15,0.130764,0.61306,0.989997767595,True,True,1.5803449999999999e-09,632773223.5682715,True,False
r256_m2_high_vdd_hot__tid_conservative,256,2,high_vdd_hot,conservative,0.99,85.0,14.32,38.0,3.5,6.31428e-10,5.56538e-11,3.4208650000000003e-14,1.11468e-15,0.1304430000000001,0.611003,0.9899977678730001,True,True,1.5814280000000002e-09,632339885.217664,True,False
r256_m2_high_vdd_hot__tid_stress_not_a_fit,256,2,high_vdd_hot,stress_not_a_fit,0.99,85.0,14.32,38.0,3.5,6.30761e-10,5.57142e-11,3.3966e-14,1.11052e-15,0.130699,0.611726,0.9899977694090001,True,True,1.5807610000000001e-09,632606700.1906043,True,True
r256_m2_low_vdd_cold__tid_central,256,2,low_vdd_cold,central,0.81,-40.0,14.32,38.0,3.5,4.72269e-10,4.04641e-11,2.81874e-14,7.29588e-16,0.17812300000000003,0.7862013999999999,0.8099999874912001,True,True,1.422269e-09,703101874.5399077,True,False
r256_m2_low_vdd_cold__tid_conservative,256,2,low_vdd_cold,conservative,0.81,-40.0,14.32,38.0,3.5,4.71522e-10,4.03834e-11,2.8164000000000002e-14,7.27129e-16,0.17871400000000004,0.7867141,0.8099999874336,True,True,1.421522e-09,703471349.7223399,True,False
r256_m2_low_vdd_cold__tid_stress_not_a_fit,256,2,low_vdd_cold,stress_not_a_fit,0.81,-40.0,14.32,38.0,3.5,4.69775e-10,4.01727e-11,2.812635e-14,7.231005e-16,0.18013199999999996,0.7879489,0.8099999873349001,True,True,1.4197749999999999e-09,704336954.799176,True,True
r256_m2_low_vdd_hot__tid_central,256,2,low_vdd_hot,central,0.81,85.0,14.32,38.0,3.5,1.05301e-09,1.04793e-10,1.1847950000000001e-14,6.91415e-16,0.054278999999999966,0.22411799999999993,0.8099988779880001,True,True,2.00301e-09,499248630.81062996,False,False
r256_m2_low_vdd_hot__tid_conservative,256,2,low_vdd_hot,conservative,0.81,85.0,14.32,38.0,3.5,1.05308e-09,1.05128e-10,1.1734499999999998e-14,6.89502e-16,0.05428499999999992,0.22395599999999993,0.809998879164,True,True,2.00308e-09,499231183.9766759,False,False
r256_m2_low_vdd_hot__tid_stress_not_a_fit,256,2,low_vdd_hot,stress_not_a_fit,0.81,85.0,14.32,38.0,3.5,1.04638e-09,1.05064e-10,1.161205e-14,6.86041e-16,0.054709999999999925,0.22590500000000002,0.80999888183,True,True,1.99638e-09,500906641.0202466,True,True
r256_m2_nominal__tid_central,256,2,nominal,central,0.9,27.0,14.32,38.0,3.5,5.65884e-10,4.99135e-11,3.166205e-14,9.04408e-16,0.14004899999999998,0.679555,0.8999999358009,True,True,1.515884e-09,659681083.7768589,True,False
r256_m2_nominal__tid_conservative,256,2,nominal,conservative,0.9,27.0,14.32,38.0,3.5,5.66079e-10,5.0005e-11,3.15253e-14,9.020635e-16,0.13997899999999996,0.678986,0.8999999355346,True,True,1.516079e-09,659596234.7608534,True,False
r256_m2_nominal__tid_stress_not_a_fit,256,2,nominal,stress_not_a_fit,0.9,27.0,14.32,38.0,3.5,5.64635e-10,4.99518e-11,3.1337150000000004e-14,8.97913e-16,0.140617,0.681533,0.8999999353336,True,True,1.5146350000000001e-09,660225070.7266107,True,True
r256_m4_high_vdd_cold__tid_central,256,4,high_vdd_cold,central,0.99,-40.0,14.32,38.0,5.0,3.88907e-10,2.59826e-11,4.399965e-14,1.31498e-15,0.35095699999999996,0.989096193,0.9899999589824,True,True,1.3389070000000002e-09,746877863.809809,True,False
r256_m4_high_vdd_cold__tid_conservative,256,4,high_vdd_cold,conservative,0.99,-40.0,14.32,38.0,5.0,3.88646e-10,2.59289e-11,4.39991e-14,1.31144e-15,0.35162000000000004,0.989101122,0.9899999588302,True,True,1.338646e-09,747023484.924319,True,False
r256_m4_high_vdd_cold__tid_stress_not_a_fit,256,4,high_vdd_cold,stress_not_a_fit,0.99,-40.0,14.32,38.0,5.0,3.88065e-10,2.58175e-11,4.39989e-14,1.30623e-15,0.35310699999999995,0.989114912,0.9899999585408,True,True,1.3380650000000002e-09,747347849.3197265,True,True
r256_m4_high_vdd_hot__tid_central,256,4,high_vdd_hot,central,0.99,85.0,14.32,38.0,5.0,6.44429e-10,5.54532e-11,3.571895e-14,1.11707e-15,0.12645099999999998,0.589396,0.989997767595,True,True,1.594429e-09,627183775.5083481,True,False
r256_m4_high_vdd_hot__tid_conservative,256,4,high_vdd_hot,conservative,0.99,85.0,14.32,38.0,5.0,6.45557e-10,5.56538e-11,3.5512800000000005e-14,1.11468e-15,0.12614000000000003,0.5873820000000001,0.9899977678730001,True,True,1.595557e-09,626740379.6918567,True,False
r256_m4_high_vdd_hot__tid_stress_not_a_fit,256,4,high_vdd_hot,stress_not_a_fit,0.99,85.0,14.32,38.0,5.0,6.44865e-10,5.57142e-11,3.52725e-14,1.11052e-15,0.12638700000000003,0.588096,0.9899977694090001,True,True,1.594865e-09,627012317.6569804,True,True
r256_m4_low_vdd_cold__tid_central,256,4,low_vdd_cold,central,0.81,-40.0,14.32,38.0,5.0,4.79856e-10,4.04641e-11,2.9177049999999996e-14,7.29588e-16,0.1723039999999999,0.7787059000000001,0.8099999874912001,True,True,1.4298560000000002e-09,699371125.4839647,True,False
r256_m4_low_vdd_cold__tid_conservative,256,4,low_vdd_cold,conservative,0.81,-40.0,14.32,38.0,5.0,4.79082e-10,4.03834e-11,2.91534e-14,7.27129e-16,0.17287699999999995,0.7793849,0.8099999874336,True,True,1.429082e-09,699749909.3823867,True,False
r256_m4_low_vdd_cold__tid_stress_not_a_fit,256,4,low_vdd_cold,stress_not_a_fit,0.81,-40.0,14.32,38.0,5.0,4.77267e-10,4.01727e-11,2.911605e-14,7.231005e-16,0.17425000000000002,0.7810073999999999,0.8099999873349001,True,True,1.427267e-09,700639754.159523,True,True
r256_m4_low_vdd_hot__tid_central,256,4,low_vdd_hot,central,0.81,85.0,14.32,38.0,5.0,1.08369e-09,1.04793e-10,1.22649e-14,6.91415e-16,0.05247599999999997,0.21415099999999998,0.8099988779880001,True,True,2.0336900000000002e-09,491717026.685483,False,False
r256_m4_low_vdd_hot__tid_conservative,256,4,low_vdd_hot,conservative,0.81,85.0,14.32,38.0,5.0,1.08376e-09,1.05128e-10,1.21526e-14,6.89502e-16,0.05248300000000006,0.21399200000000007,0.809998879164,True,True,2.0337600000000002e-09,491700102.2736212,False,False
r256_m4_low_vdd_hot__tid_stress_not_a_fit,256,4,low_vdd_hot,stress_not_a_fit,0.81,85.0,14.32,38.0,5.0,1.0768e-09,1.05064e-10,1.20418e-14,6.86041e-16,0.05289300000000008,0.21585999999999994,0.80999888183,True,True,2.0268e-09,493388592.85573316,False,True
r256_m4_nominal__tid_central,256,4,nominal,central,0.9,27.0,14.32,38.0,5.0,5.77309e-10,4.99135e-11,3.287295e-14,9.04408e-16,0.13544899999999993,0.657074,0.8999999358009,True,True,1.5273090000000003e-09,654746354.5359844,True,False
r256_m4_nominal__tid_conservative,256,4,nominal,conservative,0.9,27.0,14.32,38.0,5.0,5.77514e-10,5.0005e-11,3.2735250000000004e-14,9.020635e-16,0.13537999999999994,0.656516,0.8999999355346,True,True,1.5275140000000003e-09,654658484.3084906,True,False
r256_m4_nominal__tid_stress_not_a_fit,256,4,nominal,stress_not_a_fit,0.9,27.0,14.32,38.0,5.0,5.76016e-10,4.99518e-11,3.2548399999999995e-14,8.97913e-16,0.13599799999999995,0.659105,0.8999999353336,True,True,1.526016e-09,655301123.9724878,True,True
r256_m8_high_vdd_cold__tid_central,256,8,high_vdd_cold,central,0.99,-40.0,14.32,38.0,8.0,3.97793e-10,2.59826e-11,4.69534e-14,1.31498e-15,0.32955600000000007,0.9884220499999999,0.9899999589824,True,True,1.347793e-09,741953697.6375452,True,False
r256_m8_high_vdd_cold__tid_conservative,256,8,high_vdd_cold,conservative,0.99,-40.0,14.32,38.0,8.0,3.97512e-10,2.59289e-11,4.69534e-14,1.31144e-15,0.33017799999999997,0.98843017,0.9899999588302,True,True,1.3475120000000003e-09,742108419.0715926,True,False
r256_m8_high_vdd_cold__tid_stress_not_a_fit,256,8,high_vdd_cold,stress_not_a_fit,0.99,-40.0,14.32,38.0,8.0,3.96893e-10,2.58175e-11,4.695285e-14,1.30623e-15,0.3315760000000001,0.98845741,0.9899999585408,True,True,1.3468930000000002e-09,742449474.4571394,True,True
r256_m8_high_vdd_hot__tid_central,256,8,high_vdd_hot,central,0.99,85.0,14.32,38.0,8.0,6.72788e-10,5.54532e-11,3.823325e-14,1.11707e-15,0.11862300000000003,0.5457909999999999,0.989997767595,True,True,1.6227880000000001e-09,616223437.6887184,True,False
r256_m8_high_vdd_hot__tid_conservative,256,8,high_vdd_hot,conservative,0.99,85.0,14.32,38.0,8.0,6.74003e-10,5.56538e-11,3.80208e-14,1.11468e-15,0.11833099999999996,0.543876,0.9899977678730001,True,True,1.624003e-09,615762409.3058941,True,False
r256_m8_high_vdd_hot__tid_stress_not_a_fit,256,8,high_vdd_hot,stress_not_a_fit,0.99,85.0,14.32,38.0,8.0,6.7326e-10,5.57142e-11,3.7787549999999995e-14,1.11052e-15,0.11856299999999997,0.5445519999999999,0.9899977694090001,True,True,1.62326e-09,616044256.6193955,True,True
r256_m8_low_vdd_cold__tid_central,256,8,low_vdd_cold,central,0.81,-40.0,14.32,38.0,8.0,4.95138e-10,4.04641e-11,3.1188250000000003e-14,7.29588e-16,0.16173499999999996,0.7587317,0.8099999874912001,True,True,1.445138e-09,691975437.6398655,True,False
r256_m8_low_vdd_cold__tid_conservative,256,8,low_vdd_cold,conservative,0.81,-40.0,14.32,38.0,8.0,4.94307e-10,4.03834e-11,3.11645e-14,7.27129e-16,0.162273,0.7598251,0.8099999874336,True,True,1.4443070000000002e-09,692373574.3162637,True,False
r256_m8_low_vdd_cold__tid_stress_not_a_fit,256,8,low_vdd_cold,stress_not_a_fit,0.81,-40.0,14.32,38.0,8.0,4.92358e-10,4.01727e-11,3.112665e-14,7.231005e-16,0.16356300000000001,0.7623962,0.8099999873349001,True,True,1.4423580000000002e-09,693309150.7101564,True,True
r256_m8_low_vdd_hot__tid_central,256,8,low_vdd_hot,central,0.81,85.0,14.32,38.0,8.0,1.14532e-09,1.04793e-10,1.3043599999999999e-14,6.91415e-16,0.049209999999999976,0.196295,0.8099988779880001,True,True,2.09532e-09,477254070.9772254,False,False
r256_m8_low_vdd_hot__tid_conservative,256,8,low_vdd_hot,conservative,0.81,85.0,14.32,38.0,8.0,1.14539e-09,1.05128e-10,1.29387e-14,6.89502e-16,0.04921500000000001,0.19614399999999999,0.809998879164,True,True,2.09539e-09,477238127.5084829,False,False
r256_m8_low_vdd_hot__tid_stress_not_a_fit,256,8,low_vdd_hot,stress_not_a_fit,0.81,85.0,14.32,38.0,8.0,1.13789e-09,1.05064e-10,1.28415e-14,6.86041e-16,0.049601000000000006,0.197866,0.80999888183,True,True,2.0878900000000003e-09,478952435.2336569,False,True
r256_m8_nominal__tid_central,256,8,nominal,central,0.9,27.0,14.32,38.0,8.0,6.00347e-10,4.99135e-11,3.528285e-14,9.04408e-16,0.12709499999999996,0.6142110000000001,0.8999999358009,True,True,1.550347e-09,645016889.7672585,True,False
r256_m8_nominal__tid_conservative,256,8,nominal,conservative,0.9,27.0,14.32,38.0,8.0,6.00572e-10,5.0005e-11,3.514465e-14,9.020635e-16,0.127031,0.613674,0.8999999355346,True,True,1.5505720000000002e-09,644923292.8235515,True,False
r256_m8_nominal__tid_stress_not_a_fit,256,8,nominal,stress_not_a_fit,0.9,27.0,14.32,38.0,8.0,5.98963e-10,4.99518e-11,3.49622e-14,8.97913e-16,0.12761099999999992,0.6162449999999999,0.8999999353336,True,True,1.5489630000000001e-09,645593213.0076703,True,True
