pvt_corner,tid_corner,desired_bit,node,strike_time_ns,strike_source,strike_sink,adverse_polarity,status,qcrit_fc,lower_no_fail_fc,upper_fail_fc,iterations
high_vdd_cold,central,1,bl,1.6,bl,0,high_charge_removal,not_bracketed,,12.8,,7
high_vdd_cold,central,1,bl,1.69,bl,0,high_charge_removal,not_bracketed,,12.8,,7
high_vdd_cold,central,1,bl,1.74,bl,0,high_charge_removal,not_bracketed,,12.8,,7
high_vdd_cold,central,1,blb,1.6,0,blb,low_node_charge_injection,not_bracketed,,12.8,,7
high_vdd_cold,central,1,blb,1.69,0,blb,low_node_charge_injection,not_bracketed,,12.8,,7
high_vdd_cold,central,1,blb,1.74,0,blb,low_node_charge_injection,not_bracketed,,12.8,,7
high_vdd_cold,central,1,q,1.6,q,0,high_charge_removal,not_bracketed,,12.8,,7
high_vdd_cold,central,1,q,1.69,q,0,high_charge_removal,bracketed,2.246875,2.24375,2.25,11
high_vdd_cold,central,1,q,1.74,q,0,high_charge_removal,bracketed,2.3218750000000004,2.31875,2.325,11
high_vdd_cold,central,1,qb,1.6,0,qb,low_node_charge_injection,not_bracketed,,12.8,,7
high_vdd_cold,central,1,qb,1.69,0,qb,low_node_charge_injection,bracketed,4.546875000000001,4.543750000000001,4.550000000000001,13
high_vdd_cold,central,1,qb,1.74,0,qb,low_node_charge_injection,bracketed,3.7406249999999996,3.7375,3.74375,13
high_vdd_cold,conservative,1,bl,1.6,bl,0,high_charge_removal,not_bracketed,,12.8,,7
high_vdd_cold,conservative,1,bl,1.69,bl,0,high_charge_removal,not_bracketed,,12.8,,7
high_vdd_cold,conservative,1,bl,1.74,bl,0,high_charge_removal,not_bracketed,,12.8,,7
high_vdd_cold,conservative,1,blb,1.6,0,blb,low_node_charge_injection,not_bracketed,,12.8,,7
high_vdd_cold,conservative,1,blb,1.69,0,blb,low_node_charge_injection,not_bracketed,,12.8,,7
high_vdd_cold,conservative,1,blb,1.74,0,blb,low_node_charge_injection,not_bracketed,,12.8,,7
high_vdd_cold,conservative,1,q,1.6,q,0,high_charge_removal,not_bracketed,,12.8,,7
high_vdd_cold,conservative,1,q,1.69,q,0,high_charge_removal,bracketed,2.2406249999999996,2.2375,2.24375,11
high_vdd_cold,conservative,1,q,1.74,q,0,high_charge_removal,bracketed,2.315625,2.3125,2.31875,11
high_vdd_cold,conservative,1,qb,1.6,0,qb,low_node_charge_injection,not_bracketed,,12.8,,7
high_vdd_cold,conservative,1,qb,1.69,0,qb,low_node_charge_injection,bracketed,4.5531250000000005,4.550000000000001,4.55625,13
high_vdd_cold,conservative,1,qb,1.74,0,qb,low_node_charge_injection,bracketed,3.7406249999999996,3.7375,3.74375,13
high_vdd_cold,stress_not_a_fit,1,bl,1.6,bl,0,high_charge_removal,not_bracketed,,12.8,,7
high_vdd_cold,stress_not_a_fit,1,bl,1.69,bl,0,high_charge_removal,not_bracketed,,12.8,,7
high_vdd_cold,stress_not_a_fit,1,bl,1.74,bl,0,high_charge_removal,not_bracketed,,12.8,,7
high_vdd_cold,stress_not_a_fit,1,blb,1.6,0,blb,low_node_charge_injection,not_bracketed,,12.8,,7
high_vdd_cold,stress_not_a_fit,1,blb,1.69,0,blb,low_node_charge_injection,not_bracketed,,12.8,,7
high_vdd_cold,stress_not_a_fit,1,blb,1.74,0,blb,low_node_charge_injection,not_bracketed,,12.8,,7
high_vdd_cold,stress_not_a_fit,1,q,1.6,q,0,high_charge_removal,not_bracketed,,12.8,,7
high_vdd_cold,stress_not_a_fit,1,q,1.69,q,0,high_charge_removal,bracketed,2.234375,2.23125,2.2375,11
high_vdd_cold,stress_not_a_fit,1,q,1.74,q,0,high_charge_removal,bracketed,2.309375,2.3062500000000004,2.3125,11
high_vdd_cold,stress_not_a_fit,1,qb,1.6,0,qb,low_node_charge_injection,not_bracketed,,12.8,,7
high_vdd_cold,stress_not_a_fit,1,qb,1.69,0,qb,low_node_charge_injection,bracketed,4.565625000000001,4.562500000000001,4.568750000000001,13
high_vdd_cold,stress_not_a_fit,1,qb,1.74,0,qb,low_node_charge_injection,bracketed,3.753125,3.75,3.75625,13
high_vdd_hot,central,1,bl,1.6,bl,0,high_charge_removal,not_bracketed,,12.8,,7
high_vdd_hot,central,1,bl,1.69,bl,0,high_charge_removal,not_bracketed,,12.8,,7
high_vdd_hot,central,1,bl,1.74,bl,0,high_charge_removal,not_bracketed,,12.8,,7
high_vdd_hot,central,1,blb,1.6,0,blb,low_node_charge_injection,not_bracketed,,12.8,,7
high_vdd_hot,central,1,blb,1.69,0,blb,low_node_charge_injection,not_bracketed,,12.8,,7
high_vdd_hot,central,1,blb,1.74,0,blb,low_node_charge_injection,not_bracketed,,12.8,,7
high_vdd_hot,central,1,q,1.6,q,0,high_charge_removal,not_bracketed,,12.8,,7
high_vdd_hot,central,1,q,1.69,q,0,high_charge_removal,bracketed,1.365625,1.3625,1.36875,9
high_vdd_hot,central,1,q,1.74,q,0,high_charge_removal,bracketed,1.3843750000000001,1.38125,1.3875000000000002,9
high_vdd_hot,central,1,qb,1.6,0,qb,low_node_charge_injection,bracketed,3.6468750000000005,3.6437500000000003,3.6500000000000004,13
high_vdd_hot,central,1,qb,1.69,0,qb,low_node_charge_injection,bracketed,2.578125000000001,2.5750000000000006,2.5812500000000007,11
high_vdd_hot,central,1,qb,1.74,0,qb,low_node_charge_injection,bracketed,2.246875,2.24375,2.25,11
high_vdd_hot,conservative,1,bl,1.6,bl,0,high_charge_removal,not_bracketed,,12.8,,7
high_vdd_hot,conservative,1,bl,1.69,bl,0,high_charge_removal,not_bracketed,,12.8,,7
high_vdd_hot,conservative,1,bl,1.74,bl,0,high_charge_removal,not_bracketed,,12.8,,7
high_vdd_hot,conservative,1,blb,1.6,0,blb,low_node_charge_injection,not_bracketed,,12.8,,7
high_vdd_hot,conservative,1,blb,1.69,0,blb,low_node_charge_injection,not_bracketed,,12.8,,7
high_vdd_hot,conservative,1,blb,1.74,0,blb,low_node_charge_injection,not_bracketed,,12.8,,7
high_vdd_hot,conservative,1,q,1.6,q,0,high_charge_removal,not_bracketed,,12.8,,7
high_vdd_hot,conservative,1,q,1.69,q,0,high_charge_removal,bracketed,1.359375,1.3562500000000002,1.3625,9
high_vdd_hot,conservative,1,q,1.74,q,0,high_charge_removal,bracketed,1.3843750000000001,1.38125,1.3875000000000002,9
high_vdd_hot,conservative,1,qb,1.6,0,qb,low_node_charge_injection,bracketed,3.640625,3.6375,3.6437500000000003,13
high_vdd_hot,conservative,1,qb,1.69,0,qb,low_node_charge_injection,bracketed,2.5718750000000004,2.5687500000000005,2.5750000000000006,11
high_vdd_hot,conservative,1,qb,1.74,0,qb,low_node_charge_injection,bracketed,2.2406249999999996,2.2375,2.24375,11
high_vdd_hot,stress_not_a_fit,1,bl,1.6,bl,0,high_charge_removal,not_bracketed,,12.8,,7
high_vdd_hot,stress_not_a_fit,1,bl,1.69,bl,0,high_charge_removal,not_bracketed,,12.8,,7
high_vdd_hot,stress_not_a_fit,1,bl,1.74,bl,0,high_charge_removal,not_bracketed,,12.8,,7
high_vdd_hot,stress_not_a_fit,1,blb,1.6,0,blb,low_node_charge_injection,not_bracketed,,12.8,,7
high_vdd_hot,stress_not_a_fit,1,blb,1.69,0,blb,low_node_charge_injection,not_bracketed,,12.8,,7
high_vdd_hot,stress_not_a_fit,1,blb,1.74,0,blb,low_node_charge_injection,not_bracketed,,12.8,,7
high_vdd_hot,stress_not_a_fit,1,q,1.6,q,0,high_charge_removal,not_bracketed,,12.8,,7
high_vdd_hot,stress_not_a_fit,1,q,1.69,q,0,high_charge_removal,bracketed,1.3531250000000001,1.35,1.3562500000000002,9
high_vdd_hot,stress_not_a_fit,1,q,1.74,q,0,high_charge_removal,bracketed,1.378125,1.375,1.38125,9
high_vdd_hot,stress_not_a_fit,1,qb,1.6,0,qb,low_node_charge_injection,bracketed,3.6593750000000007,3.6562500000000004,3.6625000000000005,13
high_vdd_hot,stress_not_a_fit,1,qb,1.69,0,qb,low_node_charge_injection,bracketed,2.5718750000000004,2.5687500000000005,2.5750000000000006,11
high_vdd_hot,stress_not_a_fit,1,qb,1.74,0,qb,low_node_charge_injection,bracketed,2.2406249999999996,2.2375,2.24375,11
low_vdd_cold,central,1,bl,1.6,bl,0,high_charge_removal,not_bracketed,,12.8,,7
low_vdd_cold,central,1,bl,1.69,bl,0,high_charge_removal,not_bracketed,,12.8,,7
low_vdd_cold,central,1,bl,1.74,bl,0,high_charge_removal,not_bracketed,,12.8,,7
low_vdd_cold,central,1,blb,1.6,0,blb,low_node_charge_injection,not_bracketed,,12.8,,7
low_vdd_cold,central,1,blb,1.69,0,blb,low_node_charge_injection,not_bracketed,,12.8,,7
low_vdd_cold,central,1,blb,1.74,0,blb,low_node_charge_injection,not_bracketed,,12.8,,7
low_vdd_cold,central,1,q,1.6,q,0,high_charge_removal,not_bracketed,,12.8,,7
low_vdd_cold,central,1,q,1.69,q,0,high_charge_removal,bracketed,1.503125,1.5,1.50625,9
low_vdd_cold,central,1,q,1.74,q,0,high_charge_removal,bracketed,1.615625,1.6125,1.61875,11
low_vdd_cold,central,1,qb,1.6,0,qb,low_node_charge_injection,bracketed,6.490625,6.4875,6.49375,15
low_vdd_cold,central,1,qb,1.69,0,qb,low_node_charge_injection,bracketed,2.890625,2.8875,2.8937500000000003,11
low_vdd_cold,central,1,qb,1.74,0,qb,low_node_charge_injection,bracketed,2.5656250000000007,2.562500000000001,2.5687500000000005,11
low_vdd_cold,conservative,1,bl,1.6,bl,0,high_charge_removal,not_bracketed,,12.8,,7
low_vdd_cold,conservative,1,bl,1.69,bl,0,high_charge_removal,not_bracketed,,12.8,,7
low_vdd_cold,conservative,1,bl,1.74,bl,0,high_charge_removal,not_bracketed,,12.8,,7
low_vdd_cold,conservative,1,blb,1.6,0,blb,low_node_charge_injection,not_bracketed,,12.8,,7
low_vdd_cold,conservative,1,blb,1.69,0,blb,low_node_charge_injection,not_bracketed,,12.8,,7
low_vdd_cold,conservative,1,blb,1.74,0,blb,low_node_charge_injection,not_bracketed,,12.8,,7
low_vdd_cold,conservative,1,q,1.6,q,0,high_charge_removal,not_bracketed,,12.8,,7
low_vdd_cold,conservative,1,q,1.69,q,0,high_charge_removal,bracketed,1.496875,1.49375,1.5,9
low_vdd_cold,conservative,1,q,1.74,q,0,high_charge_removal,bracketed,1.609375,1.6062500000000002,1.6125,11
low_vdd_cold,conservative,1,qb,1.6,0,qb,low_node_charge_injection,bracketed,6.5843750000000005,6.581250000000001,6.5875,15
low_vdd_cold,conservative,1,qb,1.69,0,qb,low_node_charge_injection,bracketed,2.8968750000000005,2.8937500000000003,2.9000000000000004,11
low_vdd_cold,conservative,1,qb,1.74,0,qb,low_node_charge_injection,bracketed,2.5718750000000004,2.5687500000000005,2.5750000000000006,11
low_vdd_cold,stress_not_a_fit,1,bl,1.6,bl,0,high_charge_removal,not_bracketed,,12.8,,7
low_vdd_cold,stress_not_a_fit,1,bl,1.69,bl,0,high_charge_removal,not_bracketed,,12.8,,7
low_vdd_cold,stress_not_a_fit,1,bl,1.74,bl,0,high_charge_removal,not_bracketed,,12.8,,7
low_vdd_cold,stress_not_a_fit,1,blb,1.6,0,blb,low_node_charge_injection,not_bracketed,,12.8,,7
low_vdd_cold,stress_not_a_fit,1,blb,1.69,0,blb,low_node_charge_injection,not_bracketed,,12.8,,7
low_vdd_cold,stress_not_a_fit,1,blb,1.74,0,blb,low_node_charge_injection,not_bracketed,,12.8,,7
low_vdd_cold,stress_not_a_fit,1,q,1.6,q,0,high_charge_removal,not_bracketed,,12.8,,7
low_vdd_cold,stress_not_a_fit,1,q,1.69,q,0,high_charge_removal,bracketed,1.490625,1.4875,1.49375,9
low_vdd_cold,stress_not_a_fit,1,q,1.74,q,0,high_charge_removal,bracketed,1.6031250000000001,1.6,1.6062500000000002,11
low_vdd_cold,stress_not_a_fit,1,qb,1.6,0,qb,low_node_charge_injection,bracketed,6.790625,6.7875000000000005,6.793750000000001,15
low_vdd_cold,stress_not_a_fit,1,qb,1.69,0,qb,low_node_charge_injection,bracketed,2.9093750000000007,2.9062500000000004,2.9125000000000005,11
low_vdd_cold,stress_not_a_fit,1,qb,1.74,0,qb,low_node_charge_injection,bracketed,2.578125000000001,2.5750000000000006,2.5812500000000007,11
low_vdd_hot,central,1,bl,1.6,bl,0,high_charge_removal,not_bracketed,,12.8,,7
low_vdd_hot,central,1,bl,1.69,bl,0,high_charge_removal,not_bracketed,,12.8,,7
low_vdd_hot,central,1,bl,1.74,bl,0,high_charge_removal,not_bracketed,,12.8,,7
low_vdd_hot,central,1,blb,1.6,0,blb,low_node_charge_injection,not_bracketed,,12.8,,7
low_vdd_hot,central,1,blb,1.69,0,blb,low_node_charge_injection,not_bracketed,,12.8,,7
low_vdd_hot,central,1,blb,1.74,0,blb,low_node_charge_injection,not_bracketed,,12.8,,7
low_vdd_hot,central,1,q,1.6,q,0,high_charge_removal,bracketed,3.328125,3.325,3.3312500000000003,13
low_vdd_hot,central,1,q,1.69,q,0,high_charge_removal,bracketed,1.034375,1.03125,1.0375,9
low_vdd_hot,central,1,q,1.74,q,0,high_charge_removal,bracketed,1.046875,1.0437500000000002,1.05,9
low_vdd_hot,central,1,qb,1.6,0,qb,low_node_charge_injection,bracketed,2.140625,2.1375,2.1437500000000003,11
low_vdd_hot,central,1,qb,1.69,0,qb,low_node_charge_injection,bracketed,1.646875,1.6437500000000003,1.6500000000000001,11
low_vdd_hot,central,1,qb,1.74,0,qb,low_node_charge_injection,bracketed,1.5218749999999999,1.5187499999999998,1.525,9
low_vdd_hot,conservative,1,bl,1.6,bl,0,high_charge_removal,not_bracketed,,12.8,,7
low_vdd_hot,conservative,1,bl,1.69,bl,0,high_charge_removal,not_bracketed,,12.8,,7
low_vdd_hot,conservative,1,bl,1.74,bl,0,high_charge_removal,not_bracketed,,12.8,,7
low_vdd_hot,conservative,1,blb,1.6,0,blb,low_node_charge_injection,not_bracketed,,12.8,,7
low_vdd_hot,conservative,1,blb,1.69,0,blb,low_node_charge_injection,not_bracketed,,12.8,,7
low_vdd_hot,conservative,1,blb,1.74,0,blb,low_node_charge_injection,not_bracketed,,12.8,,7
low_vdd_hot,conservative,1,q,1.6,q,0,high_charge_removal,bracketed,3.3656250000000005,3.3625000000000007,3.3687500000000004,13
low_vdd_hot,conservative,1,q,1.69,q,0,high_charge_removal,bracketed,1.034375,1.03125,1.0375,9
low_vdd_hot,conservative,1,q,1.74,q,0,high_charge_removal,bracketed,1.0406250000000001,1.0375,1.0437500000000002,9
low_vdd_hot,conservative,1,qb,1.6,0,qb,low_node_charge_injection,bracketed,2.1343750000000004,2.13125,2.1375,11
low_vdd_hot,conservative,1,qb,1.69,0,qb,low_node_charge_injection,bracketed,1.646875,1.6437500000000003,1.6500000000000001,11
low_vdd_hot,conservative,1,qb,1.74,0,qb,low_node_charge_injection,bracketed,1.515625,1.5125,1.5187499999999998,9
low_vdd_hot,stress_not_a_fit,1,bl,1.6,bl,0,high_charge_removal,not_bracketed,,12.8,,7
low_vdd_hot,stress_not_a_fit,1,bl,1.69,bl,0,high_charge_removal,not_bracketed,,12.8,,7
low_vdd_hot,stress_not_a_fit,1,bl,1.74,bl,0,high_charge_removal,not_bracketed,,12.8,,7
low_vdd_hot,stress_not_a_fit,1,blb,1.6,0,blb,low_node_charge_injection,not_bracketed,,12.8,,7
low_vdd_hot,stress_not_a_fit,1,blb,1.69,0,blb,low_node_charge_injection,not_bracketed,,12.8,,7
low_vdd_hot,stress_not_a_fit,1,blb,1.74,0,blb,low_node_charge_injection,not_bracketed,,12.8,,7
low_vdd_hot,stress_not_a_fit,1,q,1.6,q,0,high_charge_removal,bracketed,3.465625,3.4625000000000004,3.46875,13
low_vdd_hot,stress_not_a_fit,1,q,1.69,q,0,high_charge_removal,bracketed,1.028125,1.025,1.03125,9
low_vdd_hot,stress_not_a_fit,1,q,1.74,q,0,high_charge_removal,bracketed,1.0406250000000001,1.0375,1.0437500000000002,9
low_vdd_hot,stress_not_a_fit,1,qb,1.6,0,qb,low_node_charge_injection,bracketed,2.140625,2.1375,2.1437500000000003,11
low_vdd_hot,stress_not_a_fit,1,qb,1.69,0,qb,low_node_charge_injection,bracketed,1.646875,1.6437500000000003,1.6500000000000001,11
low_vdd_hot,stress_not_a_fit,1,qb,1.74,0,qb,low_node_charge_injection,bracketed,1.515625,1.5125,1.5187499999999998,9
nominal,central,0,bl,0.1,0,bl,low_node_charge_injection,not_bracketed,,12.8,,7
nominal,central,0,bl,0.16,0,bl,low_node_charge_injection,not_bracketed,,12.8,,7
nominal,central,0,bl,0.24,0,bl,low_node_charge_injection,not_bracketed,,12.8,,7
nominal,central,0,bl,0.26,0,bl,low_node_charge_injection,not_bracketed,,12.8,,7
nominal,central,0,bl,0.4,0,bl,low_node_charge_injection,not_bracketed,,12.8,,7
nominal,central,0,bl,0.8,0,bl,low_node_charge_injection,not_bracketed,,12.8,,7
nominal,central,0,bl,1.2,0,bl,low_node_charge_injection,not_bracketed,,12.8,,7
nominal,central,0,bl,1.6,0,bl,low_node_charge_injection,not_bracketed,,12.8,,7
nominal,central,0,bl,1.69,0,bl,low_node_charge_injection,not_bracketed,,12.8,,7
nominal,central,0,bl,1.74,0,bl,low_node_charge_injection,not_bracketed,,12.8,,7
nominal,central,0,blb,0.1,blb,0,high_charge_removal,not_bracketed,,12.8,,7
nominal,central,0,blb,0.16,blb,0,high_charge_removal,not_bracketed,,12.8,,7
nominal,central,0,blb,0.24,blb,0,high_charge_removal,not_bracketed,,12.8,,7
nominal,central,0,blb,0.26,blb,0,high_charge_removal,not_bracketed,,12.8,,7
nominal,central,0,blb,0.4,blb,0,high_charge_removal,not_bracketed,,12.8,,7
nominal,central,0,blb,0.8,blb,0,high_charge_removal,not_bracketed,,12.8,,7
nominal,central,0,blb,1.2,blb,0,high_charge_removal,not_bracketed,,12.8,,7
nominal,central,0,blb,1.6,blb,0,high_charge_removal,not_bracketed,,12.8,,7
nominal,central,0,blb,1.69,blb,0,high_charge_removal,not_bracketed,,12.8,,7
nominal,central,0,blb,1.74,blb,0,high_charge_removal,not_bracketed,,12.8,,7
nominal,central,0,d,0.1,0,d,low_node_charge_injection,not_bracketed,,12.8,,7
nominal,central,0,d,0.16,0,d,low_node_charge_injection,not_bracketed,,12.8,,7
nominal,central,0,d,0.24,0,d,low_node_charge_injection,not_bracketed,,12.8,,7
nominal,central,0,d,0.26,0,d,low_node_charge_injection,not_bracketed,,12.8,,7
nominal,central,0,d,0.4,0,d,low_node_charge_injection,not_bracketed,,12.8,,7
nominal,central,0,d,0.8,0,d,low_node_charge_injection,not_bracketed,,12.8,,7
nominal,central,0,d,1.2,0,d,low_node_charge_injection,not_bracketed,,12.8,,7
nominal,central,0,d,1.6,0,d,low_node_charge_injection,not_bracketed,,12.8,,7
nominal,central,0,d,1.69,0,d,low_node_charge_injection,not_bracketed,,12.8,,7
nominal,central,0,d,1.74,0,d,low_node_charge_injection,not_bracketed,,12.8,,7
nominal,central,0,db,0.1,db,0,high_charge_removal,not_bracketed,,12.8,,7
nominal,central,0,db,0.16,db,0,high_charge_removal,not_bracketed,,12.8,,7
nominal,central,0,db,0.24,db,0,high_charge_removal,not_bracketed,,12.8,,7
nominal,central,0,db,0.26,db,0,high_charge_removal,not_bracketed,,12.8,,7
nominal,central,0,db,0.4,db,0,high_charge_removal,not_bracketed,,12.8,,7
nominal,central,0,db,0.8,db,0,high_charge_removal,not_bracketed,,12.8,,7
nominal,central,0,db,1.2,db,0,high_charge_removal,not_bracketed,,12.8,,7
nominal,central,0,db,1.6,db,0,high_charge_removal,not_bracketed,,12.8,,7
nominal,central,0,db,1.69,db,0,high_charge_removal,not_bracketed,,12.8,,7
nominal,central,0,db,1.74,db,0,high_charge_removal,not_bracketed,,12.8,,7
nominal,central,0,q,0.1,0,q,low_node_charge_injection,not_bracketed,,12.8,,7
nominal,central,0,q,0.16,0,q,low_node_charge_injection,not_bracketed,,12.8,,7
nominal,central,0,q,0.24,0,q,low_node_charge_injection,not_bracketed,,12.8,,7
nominal,central,0,q,0.26,0,q,low_node_charge_injection,not_bracketed,,12.8,,7
nominal,central,0,q,0.4,0,q,low_node_charge_injection,not_bracketed,,12.8,,7
nominal,central,0,q,0.8,0,q,low_node_charge_injection,not_bracketed,,12.8,,7
nominal,central,0,q,1.2,0,q,low_node_charge_injection,not_bracketed,,12.8,,7
nominal,central,0,q,1.6,0,q,low_node_charge_injection,bracketed,3.859375,3.8562499999999997,3.8625,13
nominal,central,0,q,1.69,0,q,low_node_charge_injection,bracketed,2.684375,2.6812500000000004,2.6875,11
nominal,central,0,q,1.74,0,q,low_node_charge_injection,bracketed,2.3656250000000005,2.3625000000000007,2.3687500000000004,11
nominal,central,0,qb,0.1,qb,0,high_charge_removal,not_bracketed,,12.8,,7
nominal,central,0,qb,0.16,qb,0,high_charge_removal,not_bracketed,,12.8,,7
nominal,central,0,qb,0.24,qb,0,high_charge_removal,not_bracketed,,12.8,,7
nominal,central,0,qb,0.26,qb,0,high_charge_removal,not_bracketed,,12.8,,7
nominal,central,0,qb,0.4,qb,0,high_charge_removal,not_bracketed,,12.8,,7
nominal,central,0,qb,0.8,qb,0,high_charge_removal,not_bracketed,,12.8,,7
nominal,central,0,qb,1.2,qb,0,high_charge_removal,not_bracketed,,12.8,,7
nominal,central,0,qb,1.6,qb,0,high_charge_removal,bracketed,12.284375,12.28125,12.287500000000001,15
nominal,central,0,qb,1.69,qb,0,high_charge_removal,bracketed,1.3843750000000001,1.38125,1.3875000000000002,9
nominal,central,0,qb,1.74,qb,0,high_charge_removal,bracketed,1.4281250000000003,1.4250000000000003,1.4312500000000004,9
nominal,central,1,bl,0.1,bl,0,high_charge_removal,not_bracketed,,12.8,,7
nominal,central,1,bl,0.16,bl,0,high_charge_removal,not_bracketed,,12.8,,7
nominal,central,1,bl,0.24,bl,0,high_charge_removal,not_bracketed,,12.8,,7
nominal,central,1,bl,0.26,bl,0,high_charge_removal,not_bracketed,,12.8,,7
nominal,central,1,bl,0.4,bl,0,high_charge_removal,not_bracketed,,12.8,,7
nominal,central,1,bl,0.8,bl,0,high_charge_removal,not_bracketed,,12.8,,7
nominal,central,1,bl,1.2,bl,0,high_charge_removal,not_bracketed,,12.8,,7
nominal,central,1,bl,1.6,bl,0,high_charge_removal,not_bracketed,,12.8,,7
nominal,central,1,bl,1.69,bl,0,high_charge_removal,not_bracketed,,12.8,,7
nominal,central,1,bl,1.74,bl,0,high_charge_removal,not_bracketed,,12.8,,7
nominal,central,1,blb,0.1,0,blb,low_node_charge_injection,not_bracketed,,12.8,,7
nominal,central,1,blb,0.16,0,blb,low_node_charge_injection,not_bracketed,,12.8,,7
nominal,central,1,blb,0.24,0,blb,low_node_charge_injection,not_bracketed,,12.8,,7
nominal,central,1,blb,0.26,0,blb,low_node_charge_injection,not_bracketed,,12.8,,7
nominal,central,1,blb,0.4,0,blb,low_node_charge_injection,not_bracketed,,12.8,,7
nominal,central,1,blb,0.8,0,blb,low_node_charge_injection,not_bracketed,,12.8,,7
nominal,central,1,blb,1.2,0,blb,low_node_charge_injection,not_bracketed,,12.8,,7
nominal,central,1,blb,1.6,0,blb,low_node_charge_injection,not_bracketed,,12.8,,7
nominal,central,1,blb,1.69,0,blb,low_node_charge_injection,not_bracketed,,12.8,,7
nominal,central,1,blb,1.74,0,blb,low_node_charge_injection,not_bracketed,,12.8,,7
nominal,central,1,d,0.1,d,0,high_charge_removal,not_bracketed,,12.8,,7
nominal,central,1,d,0.16,d,0,high_charge_removal,not_bracketed,,12.8,,7
nominal,central,1,d,0.24,d,0,high_charge_removal,not_bracketed,,12.8,,7
nominal,central,1,d,0.26,d,0,high_charge_removal,not_bracketed,,12.8,,7
nominal,central,1,d,0.4,d,0,high_charge_removal,not_bracketed,,12.8,,7
nominal,central,1,d,0.8,d,0,high_charge_removal,not_bracketed,,12.8,,7
nominal,central,1,d,1.2,d,0,high_charge_removal,not_bracketed,,12.8,,7
nominal,central,1,d,1.6,d,0,high_charge_removal,not_bracketed,,12.8,,7
nominal,central,1,d,1.69,d,0,high_charge_removal,not_bracketed,,12.8,,7
nominal,central,1,d,1.74,d,0,high_charge_removal,not_bracketed,,12.8,,7
nominal,central,1,db,0.1,0,db,low_node_charge_injection,not_bracketed,,12.8,,7
nominal,central,1,db,0.16,0,db,low_node_charge_injection,not_bracketed,,12.8,,7
nominal,central,1,db,0.24,0,db,low_node_charge_injection,not_bracketed,,12.8,,7
nominal,central,1,db,0.26,0,db,low_node_charge_injection,not_bracketed,,12.8,,7
nominal,central,1,db,0.4,0,db,low_node_charge_injection,not_bracketed,,12.8,,7
nominal,central,1,db,0.8,0,db,low_node_charge_injection,not_bracketed,,12.8,,7
nominal,central,1,db,1.2,0,db,low_node_charge_injection,not_bracketed,,12.8,,7
nominal,central,1,db,1.6,0,db,low_node_charge_injection,not_bracketed,,12.8,,7
nominal,central,1,db,1.69,0,db,low_node_charge_injection,not_bracketed,,12.8,,7
nominal,central,1,db,1.74,0,db,low_node_charge_injection,not_bracketed,,12.8,,7
nominal,central,1,q,0.1,q,0,high_charge_removal,not_bracketed,,12.8,,7
nominal,central,1,q,0.16,q,0,high_charge_removal,not_bracketed,,12.8,,7
nominal,central,1,q,0.24,q,0,high_charge_removal,not_bracketed,,12.8,,7
nominal,central,1,q,0.26,q,0,high_charge_removal,not_bracketed,,12.8,,7
nominal,central,1,q,0.4,q,0,high_charge_removal,not_bracketed,,12.8,,7
nominal,central,1,q,0.8,q,0,high_charge_removal,not_bracketed,,12.8,,7
nominal,central,1,q,1.2,q,0,high_charge_removal,not_bracketed,,12.8,,7
nominal,central,1,q,1.6,q,0,high_charge_removal,bracketed,12.284375,12.28125,12.287500000000001,15
nominal,central,1,q,1.69,q,0,high_charge_removal,bracketed,1.3843750000000001,1.38125,1.3875000000000002,9
nominal,central,1,q,1.74,q,0,high_charge_removal,bracketed,1.4281250000000003,1.4250000000000003,1.4312500000000004,9
nominal,central,1,qb,0.1,0,qb,low_node_charge_injection,not_bracketed,,12.8,,7
nominal,central,1,qb,0.16,0,qb,low_node_charge_injection,not_bracketed,,12.8,,7
nominal,central,1,qb,0.24,0,qb,low_node_charge_injection,not_bracketed,,12.8,,7
nominal,central,1,qb,0.26,0,qb,low_node_charge_injection,not_bracketed,,12.8,,7
nominal,central,1,qb,0.4,0,qb,low_node_charge_injection,not_bracketed,,12.8,,7
nominal,central,1,qb,0.8,0,qb,low_node_charge_injection,not_bracketed,,12.8,,7
nominal,central,1,qb,1.2,0,qb,low_node_charge_injection,not_bracketed,,12.8,,7
nominal,central,1,qb,1.6,0,qb,low_node_charge_injection,bracketed,3.859375,3.8562499999999997,3.8625,13
nominal,central,1,qb,1.69,0,qb,low_node_charge_injection,bracketed,2.684375,2.6812500000000004,2.6875,11
nominal,central,1,qb,1.74,0,qb,low_node_charge_injection,bracketed,2.3656250000000005,2.3625000000000007,2.3687500000000004,11
nominal,conservative,1,bl,1.6,bl,0,high_charge_removal,not_bracketed,,12.8,,7
nominal,conservative,1,bl,1.69,bl,0,high_charge_removal,not_bracketed,,12.8,,7
nominal,conservative,1,bl,1.74,bl,0,high_charge_removal,not_bracketed,,12.8,,7
nominal,conservative,1,blb,1.6,0,blb,low_node_charge_injection,not_bracketed,,12.8,,7
nominal,conservative,1,blb,1.69,0,blb,low_node_charge_injection,not_bracketed,,12.8,,7
nominal,conservative,1,blb,1.74,0,blb,low_node_charge_injection,not_bracketed,,12.8,,7
nominal,conservative,1,q,1.6,q,0,high_charge_removal,bracketed,12.421875,12.418750000000001,12.425,15
nominal,conservative,1,q,1.69,q,0,high_charge_removal,bracketed,1.378125,1.375,1.38125,9
nominal,conservative,1,q,1.74,q,0,high_charge_removal,bracketed,1.4281250000000003,1.4250000000000003,1.4312500000000004,9
nominal,conservative,1,qb,1.6,0,qb,low_node_charge_injection,bracketed,3.871875,3.86875,3.875,13
nominal,conservative,1,qb,1.69,0,qb,low_node_charge_injection,bracketed,2.684375,2.6812500000000004,2.6875,11
nominal,conservative,1,qb,1.74,0,qb,low_node_charge_injection,bracketed,2.3656250000000005,2.3625000000000007,2.3687500000000004,11
nominal,stress_not_a_fit,1,bl,1.6,bl,0,high_charge_removal,not_bracketed,,12.8,,7
nominal,stress_not_a_fit,1,bl,1.69,bl,0,high_charge_removal,not_bracketed,,12.8,,7
nominal,stress_not_a_fit,1,bl,1.74,bl,0,high_charge_removal,not_bracketed,,12.8,,7
nominal,stress_not_a_fit,1,blb,1.6,0,blb,low_node_charge_injection,not_bracketed,,12.8,,7
nominal,stress_not_a_fit,1,blb,1.69,0,blb,low_node_charge_injection,not_bracketed,,12.8,,7
nominal,stress_not_a_fit,1,blb,1.74,0,blb,low_node_charge_injection,not_bracketed,,12.8,,7
nominal,stress_not_a_fit,1,q,1.6,q,0,high_charge_removal,bracketed,12.771875000000001,12.76875,12.775,15
nominal,stress_not_a_fit,1,q,1.69,q,0,high_charge_removal,bracketed,1.371875,1.36875,1.375,9
nominal,stress_not_a_fit,1,q,1.74,q,0,high_charge_removal,bracketed,1.4156250000000001,1.4125,1.4187500000000002,9
nominal,stress_not_a_fit,1,qb,1.6,0,qb,low_node_charge_injection,bracketed,3.934375,3.93125,3.9375,13
nominal,stress_not_a_fit,1,qb,1.69,0,qb,low_node_charge_injection,bracketed,2.684375,2.6812500000000004,2.6875,11
nominal,stress_not_a_fit,1,qb,1.74,0,qb,low_node_charge_injection,bracketed,2.3656250000000005,2.3625000000000007,2.3687500000000004,11
