level	sample	node	total_rows	segment_rows	array_columns	column_mux_ratio	simultaneous_output_bits	injection_time_ns	qcrit_fc	qcrit_status	n_present	par_scale	dvth_cell_mv	dvth_ref_mv	static_sa_offset_mv	dynamic_noise_mv	equivalent_dvth_sa_mv	vth_sigma_mv	mobility_process_scale	combined_mobility_scale	tid_global_dvth_n_mv	tid_global_dvth_p_mv	tid_off_current_scale
low	0	gbl	2048	256	128	4	32	1.25	17.1875	resolved	118	0.9916362822343927	-6.417289905348906	5.034830795906118	-6.7833861978427485	0.15786384228760178	-6.625522355555146	12.0	0.9608709464224904	0.9608709464224904	0.0	0.0	1.001938786
low	0	sa	2048	256	128	4	32	1.82	15.234375	resolved	118	0.9916362822343927	-6.417289905348906	5.034830795906118	-6.7833861978427485	0.13852230857460385	-6.644863889268144	12.0	0.9608709464224904	0.9608709464224904	0.0	0.0	1.001938786
low	1	gbl	2048	256	128	4	32	1.62	19.53125	resolved	131	0.9932527994926393	-16.675317283666246	29.00646241739811	-6.419014917929127	-2.747441959907303	-9.166456877836431	12.0	0.9963703182836409	0.9963703182836409	0.0	0.0	1.001938786
low	1	sa	2048	256	128	4	32	1.66	10.15625	resolved	131	0.9932527994926393	-16.675317283666246	29.00646241739811	-6.419014917929127	0.6878024300136412	-5.731212487915486	12.0	0.9963703182836409	0.9963703182836409	0.0	0.0	1.001938786
low	2	gbl	2048	256	128	4	32	1.4	17.578125	resolved	139	1.0029675011590076	-13.085829937936625	12.289992101033988	4.622438707802027	0.8497864508164606	5.472225158618487	12.0	0.9912662926731548	0.9912662926731548	0.0	0.0	1.001938786
low	2	sa	2048	256	128	4	32	1.66	10.546875	resolved	139	1.0029675011590076	-13.085829937936625	12.289992101033988	4.622438707802027	0.05461411611199643	4.677052823914023	12.0	0.9912662926731548	0.9912662926731548	0.0	0.0	1.001938786
low	3	gbl	2048	256	128	4	32	1.4	17.578125	resolved	122	0.9793566528093075	-7.366738146607684	-4.603676843551342	0.24825301105496167	-2.0689945200068394	-1.8207415089518777	12.0	0.9745924874309417	0.9745924874309417	0.0	0.0	1.001938786
low	3	sa	2048	256	128	4	32	1.82	15.625	resolved	122	0.9793566528093075	-7.366738146607684	-4.603676843551342	0.24825301105496167	-1.5431330123603397	-1.294880001305378	12.0	0.9745924874309417	0.9745924874309417	0.0	0.0	1.001938786
low	4	gbl	2048	256	128	4	32	1.4	16.796875	resolved	128	1.0124312896577083	-7.674930368712156	21.678807136871775	-0.9662254913446893	1.1395822884628017	0.17335679711811247	12.0	0.9571174476032545	0.9571174476032545	0.0	0.0	1.001938786
low	4	sa	2048	256	128	4	32	1.66	10.546875	resolved	128	1.0124312896577083	-7.674930368712156	21.678807136871775	-0.9662254913446893	0.2836889570312503	-0.682536534313439	12.0	0.9571174476032545	0.9571174476032545	0.0	0.0	1.001938786
low	5	gbl	2048	256	128	4	32	1.4	17.96875	resolved	133	0.9958287836086289	3.239471337038453	-8.755728105669112	5.055814723491904	-0.29161591495739153	4.764198808534513	12.0	0.9780251583420762	0.9780251583420762	0.0	0.0	1.001938786
low	5	sa	2048	256	128	4	32	1.82	15.625	resolved	133	0.9958287836086289	3.239471337038453	-8.755728105669112	5.055814723491904	0.46364360761281664	5.519458331104721	12.0	0.9780251583420762	0.9780251583420762	0.0	0.0	1.001938786
low	6	gbl	2048	256	128	4	32	1.25	17.96875	resolved	144	0.9928912967822262	2.7144088898140275	-2.577590398995829	-3.3626697781784243	2.211254252482994	-1.1514155256954304	12.0	1.0115852771213112	1.0115852771213112	0.0	0.0	1.001938786
low	6	sa	2048	256	128	4	32	1.75	14.0625	resolved	144	0.9928912967822262	2.7144088898140275	-2.577590398995829	-3.3626697781784243	-0.4797201000798181	-3.8423898782582424	12.0	1.0115852771213112	1.0115852771213112	0.0	0.0	1.001938786
low	7	gbl	2048	256	128	4	32	1.55	17.578125	resolved	123	1.007731406638746	11.54069298750818	16.022483335026664	2.9704035551868877	-0.44343374391364815	2.5269698112732395	12.0	1.0989895673234282	1.0989895673234282	0.0	0.0	1.001938786
low	7	sa	2048	256	128	4	32	1.66	11.328125	resolved	123	1.007731406638746	11.54069298750818	16.022483335026664	2.9704035551868877	0.725038843825172	3.6954423990120597	12.0	1.0989895673234282	1.0989895673234282	0.0	0.0	1.001938786
low	8	gbl	2048	256	128	4	32	1.4	17.1875	resolved	130	1.0192189435896901	-3.902823764025175	2.1565656798518353	-4.428302449183885	0.6648037149963564	-3.763498734187529	12.0	0.9885460392523072	0.9885460392523072	0.0	0.0	1.001938786
low	8	sa	2048	256	128	4	32	1.66	10.546875	resolved	130	1.0192189435896901	-3.902823764025175	2.1565656798518353	-4.428302449183885	-0.33139335577652096	-4.759695804960407	12.0	0.9885460392523072	0.9885460392523072	0.0	0.0	1.001938786
low	9	gbl	2048	256	128	4	32	1.1	18.359375	resolved	129	0.9876532567342854	7.800969676242669	-9.853392737631989	-3.39723582245895	1.0380760915280358	-2.359159730930914	12.0	1.0076054387095963	1.0076054387095963	0.0	0.0	1.001938786
low	9	sa	2048	256	128	4	32	1.88	70.3125	resolved	129	0.9876532567342854	7.800969676242669	-9.853392737631989	-3.39723582245895	-1.4706031139770677	-4.8678389364360175	12.0	1.0076054387095963	1.0076054387095963	0.0	0.0	1.001938786
low	10	gbl	2048	256	128	4	32	1.1	17.1875	resolved	120	0.9784053135670463	-8.968210415973221	8.504073085934946	-3.784152577972182	-0.2319686157168581	-4.01612119368904	12.0	0.9973691072939145	0.9973691072939145	0.0	0.0	1.001938786
low	10	sa	2048	256	128	4	32	1.82	15.625	resolved	120	0.9784053135670463	-8.968210415973221	8.504073085934946	-3.784152577972182	-0.010405155530485521	-3.7945577335026672	12.0	0.9973691072939145	0.9973691072939145	0.0	0.0	1.001938786
low	11	gbl	2048	256	128	4	32	1.62	22.265625	resolved	132	1.0334263155794305	-2.778784086031133	-9.378883488548064	-3.637837887260668	1.4150249923440783	-2.2228128949165895	12.0	1.0089340910563782	1.0089340910563782	0.0	0.0	1.001938786
low	11	sa	2048	256	128	4	32	1.82	15.625	resolved	132	1.0334263155794305	-2.778784086031133	-9.378883488548064	-3.637837887260668	-0.7571645818601993	-4.395002469120867	12.0	1.0089340910563782	1.0089340910563782	0.0	0.0	1.001938786
low	12	gbl	2048	256	128	4	32	1.62	21.484375	resolved	125	1.0277795809202375	-13.742714994958249	0.6403775481982761	-7.23685630246687	0.3761546116948707	-6.860701690771999	12.0	0.9979656302886214	0.9979656302886214	0.0	0.0	1.001938786
low	12	sa	2048	256	128	4	32	1.75	14.0625	resolved	125	1.0277795809202375	-13.742714994958249	0.6403775481982761	-7.23685630246687	-0.47992691452646574	-7.716783216993336	12.0	0.9979656302886214	0.9979656302886214	0.0	0.0	1.001938786
low	13	gbl	2048	256	128	4	32	1.4	16.796875	resolved	127	0.9927463575445566	12.283686768866524	5.173050460088234	-8.071673994337926	1.6449940636687015	-6.426679930669225	12.0	0.9878447148563841	0.9878447148563841	0.0	0.0	1.001938786
low	13	sa	2048	256	128	4	32	1.66	10.546875	resolved	127	0.9927463575445566	12.283686768866524	5.173050460088234	-8.071673994337926	0.7030202922111543	-7.368653702126772	12.0	0.9878447148563841	0.9878447148563841	0.0	0.0	1.001938786
low	14	gbl	2048	256	128	4	32	1.4	17.578125	resolved	111	0.9953691070968426	14.48338301115606	0.8329873968126974	0.3935915824557151	0.7191466365589009	1.112738219014616	12.0	0.951640114113925	0.951640114113925	0.0	0.0	1.001938786
low	14	sa	2048	256	128	4	32	1.82	15.625	resolved	111	0.9953691070968426	14.48338301115606	0.8329873968126974	0.3935915824557151	-0.5728780883646817	-0.17928650590896655	12.0	0.951640114113925	0.951640114113925	0.0	0.0	1.001938786
low	15	gbl	2048	256	128	4	32	1.4	17.96875	resolved	122	0.983993632938308	10.0100315210986	-12.164613912130065	-1.7382318718313159	1.2291036120151286	-0.5091282598161873	12.0	1.0091741511662033	1.0091741511662033	0.0	0.0	1.001938786
low	15	sa	2048	256	128	4	32	1.7	13.28125	resolved	122	0.983993632938308	10.0100315210986	-12.164613912130065	-1.7382318718313159	0.6003784818137503	-1.1378533900175656	12.0	1.0091741511662033	1.0091741511662033	0.0	0.0	1.001938786
low	16	gbl	2048	256	128	4	32	1.4	16.796875	resolved	130	0.9546752726801842	-6.355362012272675	15.777763000023553	0.023263507918636253	0.12496112243713269	0.14822463035576894	12.0	0.9897002236335584	0.9897002236335584	0.0	0.0	1.001938786
low	16	sa	2048	256	128	4	32	1.88	70.703125	resolved	130	0.9546752726801842	-6.355362012272675	15.777763000023553	0.023263507918636253	-1.4290549833256638	-1.4057914754070275	12.0	0.9897002236335584	0.9897002236335584	0.0	0.0	1.001938786
low	17	gbl	2048	256	128	4	32	1.25	18.359375	resolved	130	1.0357658286634788	-10.861129998534338	2.26126816516174	3.2941424605310794	1.314578714368449	4.608721174899529	12.0	1.0166963301782654	1.0166963301782654	0.0	0.0	1.001938786
low	17	sa	2048	256	128	4	32	1.75	14.453125	resolved	130	1.0357658286634788	-10.861129998534338	2.26126816516174	3.2941424605310794	-0.7187480559065595	2.57539440462452	12.0	1.0166963301782654	1.0166963301782654	0.0	0.0	1.001938786
low	18	gbl	2048	256	128	4	32	1.4	17.96875	resolved	142	0.9950453323633556	6.392134005884229	-4.019671367660526	2.799848925427263	1.824148375587888	4.623997301015152	12.0	1.0016315652044365	1.0016315652044365	0.0	0.0	1.001938786
low	18	sa	2048	256	128	4	32	1.7	12.890625	resolved	142	0.9950453323633556	6.392134005884229	-4.019671367660526	2.799848925427263	0.9439952895771653	3.7438442150044287	12.0	1.0016315652044365	1.0016315652044365	0.0	0.0	1.001938786
low	19	gbl	2048	256	128	4	32	1.25	18.359375	resolved	133	1.0207737802282286	-5.6368536145875865	1.2862263382674748	3.349338260195111	0.06369327427073519	3.4130315344658464	12.0	1.0623582568329164	1.0623582568329164	0.0	0.0	1.001938786
low	19	sa	2048	256	128	4	32	1.88	67.96875	resolved	133	1.0207737802282286	-5.6368536145875865	1.2862263382674748	3.349338260195111	-2.0001910771674933	1.3491471830276178	12.0	1.0623582568329164	1.0623582568329164	0.0	0.0	1.001938786
low	20	gbl	2048	256	128	4	32	1.1	17.96875	resolved	126	0.9903619358516509	15.981348636884377	7.987834224913929	-0.3577510957260102	1.2864114597207876	0.9286603639947775	12.0	1.0372045766658202	1.0372045766658202	0.0	0.0	1.001938786
low	20	sa	2048	256	128	4	32	1.88	69.140625	resolved	126	0.9903619358516509	15.981348636884377	7.987834224913929	-0.3577510957260102	-1.0116430586258562	-1.3693941543518664	12.0	1.0372045766658202	1.0372045766658202	0.0	0.0	1.001938786
low	21	gbl	2048	256	128	4	32	1.1	18.359375	resolved	121	0.9743804091887825	-11.171996256543434	-14.300732738027712	-5.481529423454937	0.047115817059366905	-5.43441360639557	12.0	1.0244762609775377	1.0244762609775377	0.0	0.0	1.001938786
low	21	sa	2048	256	128	4	32	1.75	14.453125	resolved	121	0.9743804091887825	-11.171996256543434	-14.300732738027712	-5.481529423454937	-0.060423792218770644	-5.541953215673708	12.0	1.0244762609775377	1.0244762609775377	0.0	0.0	1.001938786
low	22	gbl	2048	256	128	4	32	1.25	17.96875	resolved	135	1.0220064887056692	0.38328611843574545	-7.0914187009218015	-2.716787194621424	-0.5587615554075935	-3.2755487500290172	12.0	0.9874562832311338	0.9874562832311338	0.0	0.0	1.001938786
low	22	sa	2048	256	128	4	32	1.88	71.09375	resolved	135	1.0220064887056692	0.38328611843574545	-7.0914187009218015	-2.716787194621424	-0.3913811674690755	-3.1081683620904994	12.0	0.9874562832311338	0.9874562832311338	0.0	0.0	1.001938786
low	23	gbl	2048	256	128	4	32	1.62	22.65625	resolved	114	0.9899016793903598	-17.673038342548818	-5.030281416648195	-2.4844832051949752	0.618696309953729	-1.8657868952412462	12.0	1.007148877499496	1.007148877499496	0.0	0.0	1.001938786
low	23	sa	2048	256	128	4	32	1.7	13.28125	resolved	114	0.9899016793903598	-17.673038342548818	-5.030281416648195	-2.4844832051949752	-0.8755404923426261	-3.3600236975376014	12.0	1.007148877499496	1.007148877499496	0.0	0.0	1.001938786
low	24	gbl	2048	256	128	4	32	1.55	18.359375	resolved	125	1.008896579775129	-11.675369550670343	-10.871429154117425	2.4822970329656764	0.5689954315715707	3.051292464537247	12.0	1.04704536273521	1.04704536273521	0.0	0.0	1.001938786
low	24	sa	2048	256	128	4	32	1.82	16.015625	resolved	125	1.008896579775129	-11.675369550670343	-10.871429154117425	2.4822970329656764	-1.0577757911202004	1.424521241845476	12.0	1.04704536273521	1.04704536273521	0.0	0.0	1.001938786
low	25	gbl	2048	256	128	4	32	1.55	17.1875	resolved	125	1.004963046555879	8.893285298393131	11.94824370549728	4.100446318233292	-0.15364198126810427	3.9468043369651875	12.0	1.0008087796968574	1.0008087796968574	0.0	0.0	1.001938786
low	25	sa	2048	256	128	4	32	1.88	70.703125	resolved	125	1.004963046555879	8.893285298393131	11.94824370549728	4.100446318233292	1.8959696534038377	5.99641597163713	12.0	1.0008087796968574	1.0008087796968574	0.0	0.0	1.001938786
low	26	gbl	2048	256	128	4	32	1.4	18.359375	resolved	124	1.0214062366306718	23.736153176835913	-5.297562354522755	10.709680426256629	-0.2285426940030922	10.481137732253536	12.0	0.9986306870061497	0.9986306870061497	0.0	0.0	1.001938786
low	26	sa	2048	256	128	4	32	1.66	11.328125	resolved	124	1.0214062366306718	23.736153176835913	-5.297562354522755	10.709680426256629	0.7688039770761971	11.478484403332827	12.0	0.9986306870061497	0.9986306870061497	0.0	0.0	1.001938786
low	27	gbl	2048	256	128	4	32	1.55	18.359375	resolved	141	1.0204717646013075	13.935465378617641	-6.3331976803408985	15.1998850876024	-0.03341771898161264	15.166467368620788	12.0	0.9725493139786867	0.9725493139786867	0.0	0.0	1.001938786
low	27	sa	2048	256	128	4	32	1.66	10.9375	resolved	141	1.0204717646013075	13.935465378617641	-6.3331976803408985	15.1998850876024	-0.4952058911268407	14.70467919647556	12.0	0.9725493139786867	0.9725493139786867	0.0	0.0	1.001938786
low	28	gbl	2048	256	128	4	32	1.62	22.265625	resolved	135	1.0320671434454751	9.622901622227726	-5.774125380004285	-0.14345300720688575	1.8817359231760928	1.738282915969207	12.0	1.00675358769343	1.00675358769343	0.0	0.0	1.001938786
low	28	sa	2048	256	128	4	32	1.75	14.453125	resolved	135	1.0320671434454751	9.622901622227726	-5.774125380004285	-0.14345300720688575	-0.6663497250196523	-0.809802732226538	12.0	1.00675358769343	1.00675358769343	0.0	0.0	1.001938786
low	29	gbl	2048	256	128	4	32	1.4	17.578125	resolved	129	1.0590093815380437	0.4023055075882024	9.66905095035619	2.2907364957604046	-0.19101796734536008	2.0997185284150444	12.0	1.0220603939266029	1.0220603939266029	0.0	0.0	1.001938786
low	29	sa	2048	256	128	4	32	1.7	12.890625	resolved	129	1.0590093815380437	0.4023055075882024	9.66905095035619	2.2907364957604046	-1.2077677695274824	1.0829687262329222	12.0	1.0220603939266029	1.0220603939266029	0.0	0.0	1.001938786
low	30	gbl	2048	256	128	4	32	1.1	17.96875	resolved	129	0.9815027642613042	-17.413212351195316	-14.678267137573329	-11.03280317404886	1.8750992905683692	-9.15770388348049	12.0	0.9711827368515012	0.9711827368515012	0.0	0.0	1.001938786
low	30	sa	2048	256	128	4	32	1.7	12.890625	resolved	129	0.9815027642613042	-17.413212351195316	-14.678267137573329	-11.03280317404886	2.3320103277401656	-8.700792846308694	12.0	0.9711827368515012	0.9711827368515012	0.0	0.0	1.001938786
low	31	gbl	2048	256	128	4	32	1.4	16.796875	resolved	130	1.0163277168188798	-6.854668098539381	1.7601615213645032	-10.823509638272569	0.20648434492568624	-10.617025293346883	12.0	1.0159464405336798	1.0159464405336798	0.0	0.0	1.001938786
low	31	sa	2048	256	128	4	32	1.7	12.890625	resolved	130	1.0163277168188798	-6.854668098539381	1.7601615213645032	-10.823509638272569	1.1630214123856288	-9.66048822588694	12.0	1.0159464405336798	1.0159464405336798	0.0	0.0	1.001938786
low	32	gbl	2048	256	128	4	32	1.25	17.96875	resolved	126	1.0343173146588576	12.619430459855366	-0.7190501869748877	0.6865953050476699	0.26370253679096517	0.950297841838635	12.0	0.9885875527493023	0.9885875527493023	0.0	0.0	1.001938786
low	32	sa	2048	256	128	4	32	1.82	15.625	resolved	126	1.0343173146588576	12.619430459855366	-0.7190501869748877	0.6865953050476699	-0.4618011488667353	0.22479415618093457	12.0	0.9885875527493023	0.9885875527493023	0.0	0.0	1.001938786
low	33	gbl	2048	256	128	4	32	1.62	22.265625	resolved	139	1.0165865626243318	-10.832211907160552	-18.130257143007597	-3.569155151445924	1.1394499180422704	-2.429705233403654	12.0	0.9774908488202223	0.9774908488202223	0.0	0.0	1.001938786
low	33	sa	2048	256	128	4	32	1.66	10.9375	resolved	139	1.0165865626243318	-10.832211907160552	-18.130257143007597	-3.569155151445924	-1.7077137465373375	-5.276868897983261	12.0	0.9774908488202223	0.9774908488202223	0.0	0.0	1.001938786
low	34	gbl	2048	256	128	4	32	1.62	21.875	resolved	127	1.0371277412445645	-12.877592216596774	16.493588117538472	5.355572442310979	0.6677523647612849	6.023324807072264	12.0	1.0072411040291043	1.0072411040291043	0.0	0.0	1.001938786
low	34	sa	2048	256	128	4	32	1.75	14.0625	resolved	127	1.0371277412445645	-12.877592216596774	16.493588117538472	5.355572442310979	0.6874142747765477	6.042986717087527	12.0	1.0072411040291043	1.0072411040291043	0.0	0.0	1.001938786
low	35	gbl	2048	256	128	4	32	1.25	18.359375	resolved	126	0.9927693454602853	-15.18012682885476	-0.6710038521898243	3.113887810948544	0.10656119581733192	3.2204490067658758	12.0	1.0471767261633436	1.0471767261633436	0.0	0.0	1.001938786
low	35	sa	2048	256	128	4	32	1.82	16.015625	resolved	126	0.9927693454602853	-15.18012682885476	-0.6710038521898243	3.113887810948544	-1.2377059689368468	1.8761818420116971	12.0	1.0471767261633436	1.0471767261633436	0.0	0.0	1.001938786
low	36	gbl	2048	256	128	4	32	1.25	17.1875	resolved	134	1.0237756155756814	8.45287358372633	6.10776043603388	-7.616859715768342	-0.11921333665684906	-7.7360730524251915	12.0	0.956397841680661	0.956397841680661	0.0	0.0	1.001938786
low	36	sa	2048	256	128	4	32	1.88	72.265625	resolved	134	1.0237756155756814	8.45287358372633	6.10776043603388	-7.616859715768342	-0.6496015112410073	-8.26646122700935	12.0	0.956397841680661	0.956397841680661	0.0	0.0	1.001938786
low	37	gbl	2048	256	128	4	32	1.62	23.828125	resolved	131	0.9636917106083684	2.8558966852110554	-18.07301745725424	6.474313629934954	-0.6261794050746055	5.848134224860349	12.0	1.0104145707354433	1.0104145707354433	0.0	0.0	1.001938786
low	37	sa	2048	256	128	4	32	1.82	16.015625	resolved	131	0.9636917106083684	2.8558966852110554	-18.07301745725424	6.474313629934954	-0.125782713536829	6.348530916398126	12.0	1.0104145707354433	1.0104145707354433	0.0	0.0	1.001938786
low	38	gbl	2048	256	128	4	32	1.1	16.40625	resolved	123	0.9877686824987029	-2.3049665601747047	26.31110981633272	-4.9707813965307714	1.4372410128079984	-3.533540383722773	12.0	0.9525111332474702	0.9525111332474702	0.0	0.0	1.001938786
low	38	sa	2048	256	128	4	32	1.75	13.671875	resolved	123	0.9877686824987029	-2.3049665601747047	26.31110981633272	-4.9707813965307714	-1.4833803802156615	-6.454161776746433	12.0	0.9525111332474702	0.9525111332474702	0.0	0.0	1.001938786
low	39	gbl	2048	256	128	4	32	1.55	17.1875	resolved	107	0.9805288739941831	16.698986346786775	16.433890478573353	4.570057831210961	-0.9779568809994708	3.5921009502114902	12.0	1.004312945240967	1.004312945240967	0.0	0.0	1.001938786
low	39	sa	2048	256	128	4	32	1.66	10.9375	resolved	107	0.9805288739941831	16.698986346786775	16.433890478573353	4.570057831210961	1.3381742938324928	5.908232125043454	12.0	1.004312945240967	1.004312945240967	0.0	0.0	1.001938786
low	40	gbl	2048	256	128	4	32	1.62	22.265625	resolved	128	0.9594472565101327	21.58745774704941	-0.4479514034867046	0.6238062585532987	1.5976262596349369	2.2214325181882355	12.0	1.010291333135934	1.010291333135934	0.0	0.0	1.001938786
low	40	sa	2048	256	128	4	32	1.75	14.453125	resolved	128	0.9594472565101327	21.58745774704941	-0.4479514034867046	0.6238062585532987	1.2593901356949488	1.8831963942482477	12.0	1.010291333135934	1.010291333135934	0.0	0.0	1.001938786
low	41	gbl	2048	256	128	4	32	1.4	18.359375	resolved	126	0.9671444589629478	10.76292746666304	-8.435843684430196	1.1815257643093595	-0.09150231860696142	1.090023445702398	12.0	1.0654070600997323	1.0654070600997323	0.0	0.0	1.001938786
low	41	sa	2048	256	128	4	32	1.88	67.96875	resolved	126	0.9671444589629478	10.76292746666304	-8.435843684430196	1.1815257643093595	-0.6226113312561496	0.5589144330532099	12.0	1.0654070600997323	1.0654070600997323	0.0	0.0	1.001938786
low	42	gbl	2048	256	128	4	32	1.55	18.359375	resolved	114	0.9805529336333904	-5.163403019577588	-12.000833219032314	0.6468597319498931	-0.3544903764059349	0.2923693555439582	12.0	1.0378017683235021	1.0378017683235021	0.0	0.0	1.001938786
low	42	sa	2048	256	128	4	32	1.82	16.015625	resolved	114	0.9805529336333904	-5.163403019577588	-12.000833219032314	0.6468597319498931	1.0376702360748191	1.6845299680247123	12.0	1.0378017683235021	1.0378017683235021	0.0	0.0	1.001938786
low	43	gbl	2048	256	128	4	32	1.25	17.1875	resolved	131	1.0171376093330966	-8.20212617905223	1.6956789726839188	-4.7781944761768065	-0.5692114741211541	-5.3474059502979605	12.0	0.9619811138146432	0.9619811138146432	0.0	0.0	1.001938786
low	43	sa	2048	256	128	4	32	1.66	10.546875	resolved	131	1.0171376093330966	-8.20212617905223	1.6956789726839188	-4.7781944761768065	-1.0029688715312544	-5.781163347708061	12.0	0.9619811138146432	0.9619811138146432	0.0	0.0	1.001938786
low	44	gbl	2048	256	128	4	32	1.4	17.578125	resolved	119	1.0132258406800452	-4.492707796952304	2.824941543562567	5.143774433924065	0.12020401700994038	5.2639784509340055	12.0	0.9732643772991605	0.9732643772991605	0.0	0.0	1.001938786
low	44	sa	2048	256	128	4	32	1.88	71.875	resolved	119	1.0132258406800452	-4.492707796952304	2.824941543562567	5.143774433924065	-0.14103096911926694	5.002743464804798	12.0	0.9732643772991605	0.9732643772991605	0.0	0.0	1.001938786
low	45	gbl	2048	256	128	4	32	1.55	17.1875	resolved	136	1.012987805271533	10.653757237272558	11.423480353065857	1.9392053525977349	0.500414135262463	2.439619487860198	12.0	1.0226361135759017	1.0226361135759017	0.0	0.0	1.001938786
low	45	sa	2048	256	128	4	32	1.66	10.9375	resolved	136	1.012987805271533	10.653757237272558	11.423480353065857	1.9392053525977349	-0.3271378453618973	1.6120675072358375	12.0	1.0226361135759017	1.0226361135759017	0.0	0.0	1.001938786
low	46	gbl	2048	256	128	4	32	1.55	17.1875	resolved	135	1.013845193334213	-8.815714457223283	-5.7520250382437235	-2.588429167022594	0.43617926685383673	-2.152249900168757	12.0	0.9957792562879836	0.9957792562879836	0.0	0.0	1.001938786
low	46	sa	2048	256	128	4	32	1.66	10.9375	resolved	135	1.013845193334213	-8.815714457223283	-5.7520250382437235	-2.588429167022594	0.16175157376465307	-2.426677593257941	12.0	0.9957792562879836	0.9957792562879836	0.0	0.0	1.001938786
low	47	gbl	2048	256	128	4	32	1.25	17.578125	resolved	123	1.0221312655155226	-2.275548207150491	6.224033915596332	-2.9837586673208563	1.219270401105572	-1.7644882662152843	12.0	0.9875462732156252	0.9875462732156252	0.0	0.0	1.001938786
low	47	sa	2048	256	128	4	32	1.7	12.890625	resolved	123	1.0221312655155226	-2.275548207150491	6.224033915596332	-2.9837586673208563	0.1848563831569655	-2.7989022841638906	12.0	0.9875462732156252	0.9875462732156252	0.0	0.0	1.001938786
low	48	gbl	2048	256	128	4	32	1.4	17.96875	resolved	129	0.9640084088538553	25.35096342831467	-22.020351432768415	-8.749926765271358	0.14832617478042615	-8.601600590490932	12.0	0.9919097263094072	0.9919097263094072	0.0	0.0	1.001938786
low	48	sa	2048	256	128	4	32	1.88	70.703125	resolved	129	0.9640084088538553	25.35096342831467	-22.020351432768415	-8.749926765271358	-0.6721169337084438	-9.422043698979802	12.0	0.9919097263094072	0.9919097263094072	0.0	0.0	1.001938786
low	49	gbl	2048	256	128	4	32	1.25	18.359375	resolved	133	0.9870527090904221	13.720651512927972	-11.505973383898016	-0.12450215131359421	-1.5145174099980363	-1.6390195613116305	12.0	1.039480809152226	1.039480809152226	0.0	0.0	1.001938786
low	49	sa	2048	256	128	4	32	1.75	14.453125	resolved	133	0.9870527090904221	13.720651512927972	-11.505973383898016	-0.12450215131359421	2.31268937232164	2.1881872210080457	12.0	1.039480809152226	1.039480809152226	0.0	0.0	1.001938786
low	50	gbl	2048	256	128	4	32	1.25	18.359375	resolved	132	0.9962968254461996	12.717299775549533	-9.504138499454768	-0.9358930536726233	-0.1932962098362529	-1.1291892635088763	12.0	1.0076398153799953	1.0076398153799953	0.0	0.0	1.001938786
low	50	sa	2048	256	128	4	32	1.66	10.9375	resolved	132	0.9962968254461996	12.717299775549533	-9.504138499454768	-0.9358930536726233	-0.8171494103953663	-1.7530424640679896	12.0	1.0076398153799953	1.0076398153799953	0.0	0.0	1.001938786
low	51	gbl	2048	256	128	4	32	1.25	17.96875	resolved	136	1.005174658179374	6.036424321517292	19.716402056114813	12.256945184751519	-1.2636590435167527	10.993286141234766	12.0	0.9971865338407857	0.9971865338407857	0.0	0.0	1.001938786
low	51	sa	2048	256	128	4	32	1.66	10.9375	resolved	136	1.005174658179374	6.036424321517292	19.716402056114813	12.256945184751519	-0.7925045026478422	11.464440682103676	12.0	0.9971865338407857	0.9971865338407857	0.0	0.0	1.001938786
low	52	gbl	2048	256	128	4	32	1.1	17.578125	resolved	126	1.0046722574935631	-13.78032801201499	-1.1099245757087546	-2.8864983107022044	-0.6491511990169828	-3.535649509719187	12.0	0.9759147005227097	0.9759147005227097	0.0	0.0	1.001938786
low	52	sa	2048	256	128	4	32	1.82	15.625	resolved	126	1.0046722574935631	-13.78032801201499	-1.1099245757087546	-2.8864983107022044	-1.3840753565129786	-4.270573667215183	12.0	0.9759147005227097	0.9759147005227097	0.0	0.0	1.001938786
low	53	gbl	2048	256	128	4	32	1.62	21.484375	resolved	123	0.9718943534097957	-14.2607413670227	9.969746877429975	-1.6528512922216445	0.005295281867587366	-1.6475560103540572	12.0	0.9793658710458064	0.9793658710458064	0.0	0.0	1.001938786
low	53	sa	2048	256	128	4	32	1.7	12.890625	resolved	123	0.9718943534097957	-14.2607413670227	9.969746877429975	-1.6528512922216445	0.09720709517909291	-1.5556441970425516	12.0	0.9793658710458064	0.9793658710458064	0.0	0.0	1.001938786
low	54	gbl	2048	256	128	4	32	1.4	17.1875	resolved	126	1.0019547137924822	25.210076232342843	13.390483983855411	-3.580381637318803	-0.0863233756417037	-3.6667050129605068	12.0	1.0346109487488424	1.0346109487488424	0.0	0.0	1.001938786
low	54	sa	2048	256	128	4	32	1.66	10.9375	resolved	126	1.0019547137924822	25.210076232342843	13.390483983855411	-3.580381637318803	-0.424832232057974	-4.005213869376777	12.0	1.0346109487488424	1.0346109487488424	0.0	0.0	1.001938786
low	55	gbl	2048	256	128	4	32	1.1	17.578125	resolved	128	1.005460626790592	3.6214791573421836	21.567139849208953	2.533336311158627	-0.5667533063622684	1.9665830047963588	12.0	1.0400470971802462	1.0400470971802462	0.0	0.0	1.001938786
low	55	sa	2048	256	128	4	32	1.88	68.75	resolved	128	1.005460626790592	3.6214791573421836	21.567139849208953	2.533336311158627	-0.9850911206361501	1.548245190522477	12.0	1.0400470971802462	1.0400470971802462	0.0	0.0	1.001938786
low	56	gbl	2048	256	128	4	32	1.62	21.484375	resolved	139	1.0111438384969347	4.609181240939317	-6.616294848176004	-4.8375915666649725	1.939032789843584	-2.8985587768213885	12.0	0.9894572490183411	0.9894572490183411	0.0	0.0	1.001938786
low	56	sa	2048	256	128	4	32	1.88	70.703125	resolved	139	1.0111438384969347	4.609181240939317	-6.616294848176004	-4.8375915666649725	-1.3076305387423541	-6.145222105407327	12.0	0.9894572490183411	0.9894572490183411	0.0	0.0	1.001938786
low	57	gbl	2048	256	128	4	32	1.55	17.1875	resolved	118	1.0007730245208493	-17.654964869760892	8.833810426980811	1.1909924957987286	-0.1704912700510979	1.0205012257476307	12.0	1.0181790117741722	1.0181790117741722	0.0	0.0	1.001938786
low	57	sa	2048	256	128	4	32	1.88	69.921875	resolved	118	1.0007730245208493	-17.654964869760892	8.833810426980811	1.1909924957987286	-0.11549001020575825	1.0755024855929702	12.0	1.0181790117741722	1.0181790117741722	0.0	0.0	1.001938786
low	58	gbl	2048	256	128	4	32	1.25	16.796875	resolved	131	1.0097097038644778	-0.04684174797941859	10.386485148393797	-8.598068030183152	0.07278376263748079	-8.52528426754567	12.0	0.9247647282884777	0.9247647282884777	0.0	0.0	1.001938786
low	58	sa	2048	256	128	4	32	1.7	12.109375	resolved	131	1.0097097038644778	-0.04684174797941859	10.386485148393797	-8.598068030183152	-0.8252315584240197	-9.423299588607172	12.0	0.9247647282884777	0.9247647282884777	0.0	0.0	1.001938786
low	59	gbl	2048	256	128	4	32	1.55	17.578125	resolved	127	1.022547077039034	12.351498794163884	6.548623779228619	4.058913900613463	0.3530963445517093	4.412010245165173	12.0	1.0246395607347887	1.0246395607347887	0.0	0.0	1.001938786
low	59	sa	2048	256	128	4	32	1.88	69.53125	resolved	127	1.022547077039034	12.351498794163884	6.548623779228619	4.058913900613463	-0.6332873192225504	3.425626581390913	12.0	1.0246395607347887	1.0246395607347887	0.0	0.0	1.001938786
low	60	gbl	2048	256	128	4	32	1.4	17.578125	resolved	125	0.985122255274226	10.8285433483394	-6.065420215728183	-2.7462504435858492	0.29267900463880014	-2.453571438947049	12.0	0.9738834085394981	0.9738834085394981	0.0	0.0	1.001938786
low	60	sa	2048	256	128	4	32	1.82	15.625	resolved	125	0.985122255274226	10.8285433483394	-6.065420215728183	-2.7462504435858492	-0.5202722536591196	-3.2665226972449686	12.0	0.9738834085394981	0.9738834085394981	0.0	0.0	1.001938786
low	61	gbl	2048	256	128	4	32	1.25	17.96875	resolved	117	1.0203366121790773	12.603263095376668	0.7390641285475146	8.238282550224708	-1.2854166394576876	6.952865910767021	12.0	0.977328945963453	0.977328945963453	0.0	0.0	1.001938786
low	61	sa	2048	256	128	4	32	1.82	15.625	resolved	117	1.0203366121790773	12.603263095376668	0.7390641285475146	8.238282550224708	-1.1277838694212403	7.1104986808034685	12.0	0.977328945963453	0.977328945963453	0.0	0.0	1.001938786
low	62	gbl	2048	256	128	4	32	1.4	17.578125	resolved	114	0.9732488238860837	-9.997566408208327	9.159547732970049	8.139503401769874	-0.12398255896295624	8.015520842806918	12.0	0.9901602190579942	0.9901602190579942	0.0	0.0	1.001938786
low	62	sa	2048	256	128	4	32	1.66	11.328125	resolved	114	0.9732488238860837	-9.997566408208327	9.159547732970049	8.139503401769874	0.27853506714900167	8.418038468918876	12.0	0.9901602190579942	0.9901602190579942	0.0	0.0	1.001938786
low	63	gbl	2048	256	128	4	32	1.55	16.40625	resolved	124	0.9774591217440767	0.009976496752455941	5.248913286568615	-9.27180453407719	-0.8726772854889236	-10.144481819566115	12.0	0.982295761842311	0.982295761842311	0.0	0.0	1.001938786
low	63	sa	2048	256	128	4	32	1.7	12.5	resolved	124	0.9774591217440767	0.009976496752455941	5.248913286568615	-9.27180453407719	-0.027392584684208642	-9.2991971187614	12.0	0.982295761842311	0.982295761842311	0.0	0.0	1.001938786
nominal	0	gbl	2048	256	128	4	32	1.55	16.015625	resolved	137	0.9607709926181925	13.00724232672708	12.372057265712684	-6.6741888535324145	1.0651552834657434	-5.609033570066671	20.0	0.9401742787748167	0.9307725359870685	-1.0	-1.0	2.0
nominal	0	sa	2048	256	128	4	32	1.88	73.4375	resolved	137	0.9607709926181925	13.00724232672708	12.372057265712684	-6.6741888535324145	1.609215239367744	-5.06497361416467	20.0	0.9401742787748167	0.9307725359870685	-1.0	-1.0	2.0
nominal	1	gbl	2048	256	128	4	32	1.62	22.65625	resolved	112	0.982406719617822	-33.8885750706543	-7.972533075539436	-10.159589277983931	1.8368719450190667	-8.322717332964865	20.0	1.0576956136537858	1.047118657517248	-1.0	-1.0	2.0
nominal	1	sa	2048	256	128	4	32	1.75	14.453125	resolved	112	0.982406719617822	-33.8885750706543	-7.972533075539436	-10.159589277983931	-3.896592239899037	-14.056181517882969	20.0	1.0576956136537858	1.047118657517248	-1.0	-1.0	2.0
nominal	2	gbl	2048	256	128	4	32	1.55	16.40625	resolved	140	0.9666959364792408	8.045915308616575	-1.2182719021863921	-11.57708848355574	-1.6249237522872744	-13.202012235843014	20.0	0.9885977731026199	0.9787117953715937	-1.0	-1.0	2.0
nominal	2	sa	2048	256	128	4	32	1.7	12.5	resolved	140	0.9666959364792408	8.045915308616575	-1.2182719021863921	-11.57708848355574	-2.457363005720588	-14.034451489276327	20.0	0.9885977731026199	0.9787117953715937	-1.0	-1.0	2.0
nominal	3	gbl	2048	256	128	4	32	1.25	17.578125	resolved	117	0.9330181706114904	7.723698408163166	26.844909798570352	16.13747771744074	0.3207030194146959	16.458180736855436	20.0	0.9085555871282327	0.8994700312569504	-1.0	-1.0	2.0
nominal	3	sa	2048	256	128	4	32	1.82	15.234375	resolved	117	0.9330181706114904	7.723698408163166	26.844909798570352	16.13747771744074	5.200814022514122	21.33829173995486	20.0	0.9085555871282327	0.8994700312569504	-1.0	-1.0	2.0
nominal	4	gbl	2048	256	128	4	32	1.62	23.828125	resolved	124	0.968231092313946	-15.74588546495095	-22.30330520337029	1.5645372135606264	-3.5935362199677163	-2.0289990064070897	20.0	1.066200322986544	1.0555383197566786	-1.0	-1.0	2.0
nominal	4	sa	2048	256	128	4	32	1.66	11.71875	resolved	124	0.968231092313946	-15.74588546495095	-22.30330520337029	1.5645372135606264	2.5183560949820936	4.08289330854272	20.0	1.066200322986544	1.0555383197566786	-1.0	-1.0	2.0
nominal	5	gbl	2048	256	128	4	32	1.55	17.578125	resolved	135	1.0091020189480997	8.57664199698404	-4.424768457651901	2.8653141708841945	-1.3400020976610105	1.525312073223184	20.0	1.0241847415425223	1.013942894127097	-1.0	-1.0	2.0
nominal	5	sa	2048	256	128	4	32	1.7	12.890625	resolved	135	1.0091020189480997	8.57664199698404	-4.424768457651901	2.8653141708841945	-1.3222615007186986	1.5430526701654959	20.0	1.0241847415425223	1.013942894127097	-1.0	-1.0	2.0
nominal	6	gbl	2048	256	128	4	32	1.55	16.796875	resolved	134	1.064089873130412	35.09271056067558	-1.6406661383070922	-6.606534084971769	4.5930410526051535	-2.0134930323666156	20.0	0.94734681546519	0.9378733473105381	-1.0	-1.0	2.0
nominal	6	sa	2048	256	128	4	32	1.7	12.5	resolved	134	1.064089873130412	35.09271056067558	-1.6406661383070922	-6.606534084971769	2.4746546117043833	-4.131879473267386	20.0	0.94734681546519	0.9378733473105381	-1.0	-1.0	2.0
nominal	7	gbl	2048	256	128	4	32	1.25	16.796875	resolved	137	1.0300753103553162	21.69710452871715	21.141647127106275	-7.927415081402515	3.0937851286354046	-4.83362995276711	20.0	0.984607063048707	0.97476099241822	-1.0	-1.0	2.0
nominal	7	sa	2048	256	128	4	32	1.88	71.09375	resolved	137	1.0300753103553162	21.69710452871715	21.141647127106275	-7.927415081402515	-2.552327680324926	-10.47974276172744	20.0	0.984607063048707	0.97476099241822	-1.0	-1.0	2.0
nominal	8	gbl	2048	256	128	4	32	1.1	17.1875	resolved	122	0.9580461597618153	-15.670742018494545	-3.4950583924005834	-16.866679022909178	-0.07882860637619803	-16.945507629285377	20.0	1.0800556781975146	1.0692551214155395	-1.0	-1.0	2.0
nominal	8	sa	2048	256	128	4	32	1.75	14.453125	resolved	122	0.9580461597618153	-15.670742018494545	-3.4950583924005834	-16.866679022909178	0.6630336614731128	-16.203645361436067	20.0	1.0800556781975146	1.0692551214155395	-1.0	-1.0	2.0
nominal	9	gbl	2048	256	128	4	32	1.25	19.140625	resolved	113	0.9617756811387441	47.522662166656566	-53.27962228414463	-7.721524222010972	0.003998698624271237	-7.7175255233867	20.0	0.9866652345528929	0.9767985822073639	-1.0	-1.0	2.0
nominal	9	sa	2048	256	128	4	32	1.82	15.625	resolved	113	0.9617756811387441	47.522662166656566	-53.27962228414463	-7.721524222010972	-0.15893529170991408	-7.880459513720886	20.0	0.9866652345528929	0.9767985822073639	-1.0	-1.0	2.0
nominal	10	gbl	2048	256	128	4	32	1.25	18.75	resolved	137	0.9581870968405142	15.691180514507435	-24.137717366405322	-1.5191556402043878	-1.3448415949488255	-2.8639972351532132	20.0	1.000888075953867	0.9908791951943283	-1.0	-1.0	2.0
nominal	10	sa	2048	256	128	4	32	1.88	70.703125	resolved	137	0.9581870968405142	15.691180514507435	-24.137717366405322	-1.5191556402043878	1.4535142364726152	-0.06564140373177252	20.0	1.000888075953867	0.9908791951943283	-1.0	-1.0	2.0
nominal	11	gbl	2048	256	128	4	32	1.62	23.828125	resolved	129	0.9437028695630912	4.093934360427331	-15.694117672538644	8.260222583479278	-1.8464175173483521	6.413805066130926	20.0	1.0107813884065693	1.0006735745225035	-1.0	-1.0	2.0
nominal	11	sa	2048	256	128	4	32	1.66	11.328125	resolved	129	0.9437028695630912	4.093934360427331	-15.694117672538644	8.260222583479278	2.566352142546918	10.826574726026196	20.0	1.0107813884065693	1.0006735745225035	-1.0	-1.0	2.0
nominal	12	gbl	2048	256	128	4	32	1.4	15.234375	resolved	129	0.9944400111896686	28.06640513605634	38.75301193822486	-9.675175706687833	-2.172922306193325	-11.848098012881158	20.0	1.0302969845656011	1.019994014719945	-1.0	-1.0	2.0
nominal	12	sa	2048	256	128	4	32	1.82	15.234375	resolved	129	0.9944400111896686	28.06640513605634	38.75301193822486	-9.675175706687833	-2.8438543523648234	-12.519030059052657	20.0	1.0302969845656011	1.019994014719945	-1.0	-1.0	2.0
nominal	13	gbl	2048	256	128	4	32	1.4	16.796875	resolved	121	0.9974818035540095	31.456869436011097	6.430043771146998	-9.01226149029727	-0.8292250253431964	-9.841486515640467	20.0	1.048565912095099	1.038080252974148	-1.0	-1.0	2.0
nominal	13	sa	2048	256	128	4	32	1.75	14.453125	resolved	121	0.9974818035540095	31.456869436011097	6.430043771146998	-9.01226149029727	-1.1020274737280567	-10.114288964025327	20.0	1.048565912095099	1.038080252974148	-1.0	-1.0	2.0
nominal	14	gbl	2048	256	128	4	32	1.25	19.140625	resolved	133	0.9957195940791552	-9.852514122163749	-10.3130064189724	11.923058030881268	0.578811782864961	12.501869813746229	20.0	1.0151876138369804	1.0050357376986105	-1.0	-1.0	2.0
nominal	14	sa	2048	256	128	4	32	1.66	11.328125	resolved	133	0.9957195940791552	-9.852514122163749	-10.3130064189724	11.923058030881268	2.8620485179987956	14.785106548880064	20.0	1.0151876138369804	1.0050357376986105	-1.0	-1.0	2.0
nominal	15	gbl	2048	256	128	4	32	1.55	16.40625	resolved	126	0.9644988601375409	-0.89434047271427	20.28083370566147	-6.057993630708898	3.0870257033963138	-2.9709679273125844	20.0	1.0274323403048624	1.0171580169018137	-1.0	-1.0	2.0
nominal	15	sa	2048	256	128	4	32	1.75	14.0625	resolved	126	0.9644988601375409	-0.89434047271427	20.28083370566147	-6.057993630708898	0.21317550657679568	-5.844818124132103	20.0	1.0274323403048624	1.0171580169018137	-1.0	-1.0	2.0
nominal	16	gbl	2048	256	128	4	32	1.1	17.1875	resolved	127	0.9621489531309266	-12.705865639630755	1.9990494658882885	-9.378028860650042	0.7277612455356745	-8.650267615114368	20.0	1.020784331923639	1.0105764886044026	-1.0	-1.0	2.0
nominal	16	sa	2048	256	128	4	32	1.7	12.890625	resolved	127	0.9621489531309266	-12.705865639630755	1.9990494658882885	-9.378028860650042	1.1316156530825559	-8.246413207567487	20.0	1.020784331923639	1.0105764886044026	-1.0	-1.0	2.0
nominal	17	gbl	2048	256	128	4	32	1.25	17.578125	resolved	132	0.972474148956237	-27.96303954344493	2.8783724382404614	-5.46945858928135	0.870052753054656	-4.599405836226694	20.0	1.0790286966231295	1.0682384096568982	-1.0	-1.0	2.0
nominal	17	sa	2048	256	128	4	32	1.82	16.015625	resolved	132	0.972474148956237	-27.96303954344493	2.8783724382404614	-5.46945858928135	-0.09269559522976616	-5.562154184511116	20.0	1.0790286966231295	1.0682384096568982	-1.0	-1.0	2.0
nominal	18	gbl	2048	256	128	4	32	1.1	17.578125	resolved	120	1.0119263867306985	-28.19533275549995	-1.6864981961112377	-9.526609717369402	0.5705339721659651	-8.956075745203437	20.0	1.088854020347785	1.077965480144307	-1.0	-1.0	2.0
nominal	18	sa	2048	256	128	4	32	1.66	11.328125	resolved	120	1.0119263867306985	-28.19533275549995	-1.6864981961112377	-9.526609717369402	1.3865219447291162	-8.140087772640285	20.0	1.088854020347785	1.077965480144307	-1.0	-1.0	2.0
nominal	19	gbl	2048	256	128	4	32	1.4	17.96875	resolved	125	0.9675311951530677	18.12707192135794	-9.075490544417661	-0.7447383537902729	0.07785089361419713	-0.6668874601760757	20.0	1.0144587896764914	1.0043142017797264	-1.0	-1.0	2.0
nominal	19	sa	2048	256	128	4	32	1.82	15.625	resolved	125	0.9675311951530677	18.12707192135794	-9.075490544417661	-0.7447383537902729	-0.21836742262232722	-0.9631057764126001	20.0	1.0144587896764914	1.0043142017797264	-1.0	-1.0	2.0
nominal	20	gbl	2048	256	128	4	32	1.1	17.96875	resolved	118	0.9578145984172822	7.904338723200606	-8.3299481472853	0.11963821830829463	-4.789642102704068	-4.670003884395774	20.0	1.0133038842684714	1.0031708454257866	-1.0	-1.0	2.0
nominal	20	sa	2048	256	128	4	32	1.82	15.625	resolved	118	0.9578145984172822	7.904338723200606	-8.3299481472853	0.11963821830829463	-1.312875168476777	-1.1932369501684823	20.0	1.0133038842684714	1.0031708454257866	-1.0	-1.0	2.0
nominal	21	gbl	2048	256	128	4	32	1.62	21.875	resolved	121	0.9734200092328239	7.696035444049115	-1.9134818981739679	-8.362139934716652	0.8531294906261222	-7.50901044409053	20.0	1.041181179170722	1.0307693673790148	-1.0	-1.0	2.0
nominal	21	sa	2048	256	128	4	32	1.7	13.28125	resolved	121	0.9734200092328239	7.696035444049115	-1.9134818981739679	-8.362139934716652	-1.6999063820837097	-10.06204631680036	20.0	1.041181179170722	1.0307693673790148	-1.0	-1.0	2.0
nominal	22	gbl	2048	256	128	4	32	1.25	18.75	resolved	123	0.9911937768335116	0.4834767407310744	-8.503663708994782	7.968972878854505	1.7242608724105792	9.693233751265083	20.0	0.9655703376690828	0.955914634292392	-1.0	-1.0	2.0
nominal	22	sa	2048	256	128	4	32	1.82	15.625	resolved	123	0.9911937768335116	0.4834767407310744	-8.503663708994782	7.968972878854505	-0.37638384157627863	7.592589037278226	20.0	0.9655703376690828	0.955914634292392	-1.0	-1.0	2.0
nominal	23	gbl	2048	256	128	4	32	1.4	17.578125	resolved	129	1.0434896268103775	30.047912413155263	10.623514757434194	1.6895347971255008	1.3199529264379821	3.009487723563483	20.0	1.0581587464356184	1.0475771589712621	-1.0	-1.0	2.0
nominal	23	sa	2048	256	128	4	32	1.88	68.359375	resolved	129	1.0434896268103775	30.047912413155263	10.623514757434194	1.6895347971255008	0.27994326921027823	1.9694780663357792	20.0	1.0581587464356184	1.0475771589712621	-1.0	-1.0	2.0
nominal	24	gbl	2048	256	128	4	32	1.55	16.796875	resolved	117	0.9765994131407782	4.004032198885379	-7.433365404589301	-6.224813300612628	-2.255571638530976	-8.480384939143605	20.0	0.9219463269022405	0.9127268636332181	-1.0	-1.0	2.0
nominal	24	sa	2048	256	128	4	32	1.88	74.609375	resolved	117	0.9765994131407782	4.004032198885379	-7.433365404589301	-6.224813300612628	-0.617877434352365	-6.842690734964993	20.0	0.9219463269022405	0.9127268636332181	-1.0	-1.0	2.0
nominal	25	gbl	2048	256	128	4	32	1.25	18.75	resolved	121	1.0444674362381852	9.591501679907992	-26.74601117547276	-3.7101951918838894	0.139508578197558	-3.5706866136863313	20.0	1.0259819934312449	1.0157221734969324	-1.0	-1.0	2.0
nominal	25	sa	2048	256	128	4	32	1.7	13.671875	resolved	121	1.0444674362381852	9.591501679907992	-26.74601117547276	-3.7101951918838894	1.8001771654718588	-1.9100180264120306	20.0	1.0259819934312449	1.0157221734969324	-1.0	-1.0	2.0
nominal	26	gbl	2048	256	128	4	32	1.62	20.703125	resolved	119	1.090942387517104	26.687692249902817	30.697582899023498	5.535939473720534	-2.764066161868635	2.771873311851899	20.0	0.9679816059387398	0.9583017898793524	-1.0	-1.0	2.0
nominal	26	sa	2048	256	128	4	32	1.82	15.234375	resolved	119	1.090942387517104	26.687692249902817	30.697582899023498	5.535939473720534	1.7782583772354978	7.314197850956032	20.0	0.9679816059387398	0.9583017898793524	-1.0	-1.0	2.0
nominal	27	gbl	2048	256	128	4	32	1.62	20.703125	resolved	123	0.9870299845007983	-25.431423564344936	39.217995257665955	5.078580853122105	-1.6549718807231752	3.42360897239893	20.0	1.0629428037082547	1.052313375671172	-1.0	-1.0	2.0
nominal	27	sa	2048	256	128	4	32	1.88	68.359375	resolved	123	0.9870299845007983	-25.431423564344936	39.217995257665955	5.078580853122105	0.4776146756526492	5.556195528774754	20.0	1.0629428037082547	1.052313375671172	-1.0	-1.0	2.0
nominal	28	gbl	2048	256	128	4	32	1.62	22.265625	resolved	126	1.0162210482506353	30.782440732866295	8.781405451579024	-2.2600250336867274	0.013348762363481153	-2.246676271323246	20.0	1.1540333895245178	1.1424930556292727	-1.0	-1.0	2.0
nominal	28	sa	2048	256	128	4	32	1.82	16.40625	resolved	126	1.0162210482506353	30.782440732866295	8.781405451579024	-2.2600250336867274	1.4097570863237645	-0.8502679473629629	20.0	1.1540333895245178	1.1424930556292727	-1.0	-1.0	2.0
nominal	29	gbl	2048	256	128	4	32	1.1	17.96875	resolved	131	0.9450675988345737	38.08765333584097	-6.286166348236472	-2.351933666160177	-3.0142817131532986	-5.366215379313475	20.0	1.0401875947935029	1.029785718845568	-1.0	-1.0	2.0
nominal	29	sa	2048	256	128	4	32	1.82	15.625	resolved	131	0.9450675988345737	38.08765333584097	-6.286166348236472	-2.351933666160177	-1.9427774722460203	-4.294711138406197	20.0	1.0401875947935029	1.029785718845568	-1.0	-1.0	2.0
nominal	30	gbl	2048	256	128	4	32	1.4	17.96875	resolved	139	1.0511339431379627	-31.951058862192024	-23.280469515472376	-2.708065397314855	3.490767752167196	0.7827023548523409	20.0	0.9296761493506651	0.9203793878571584	-1.0	-1.0	2.0
nominal	30	sa	2048	256	128	4	32	1.66	10.546875	resolved	139	1.0511339431379627	-31.951058862192024	-23.280469515472376	-2.708065397314855	2.4704325545843915	-0.2376328427304637	20.0	0.9296761493506651	0.9203793878571584	-1.0	-1.0	2.0
nominal	31	gbl	2048	256	128	4	32	1.4	17.578125	resolved	123	0.9787040952523047	25.36303806931126	-28.714354296439875	-10.130348806824053	-1.9802262809500855	-12.110575087774137	20.0	0.9740355427424011	0.9642951873149771	-1.0	-1.0	2.0
nominal	31	sa	2048	256	128	4	32	1.88	71.875	resolved	123	0.9787040952523047	25.36303806931126	-28.714354296439875	-10.130348806824053	-1.163426132068396	-11.293774938892449	20.0	0.9740355427424011	0.9642951873149771	-1.0	-1.0	2.0
nominal	32	gbl	2048	256	128	4	32	1.25	17.578125	resolved	136	0.9649030198880768	4.780858157254408	-10.831758645633467	-4.5796979368235355	-1.3828450589238865	-5.962542995747422	20.0	0.9358636913826527	0.9265050544688261	-1.0	-1.0	2.0
nominal	32	sa	2048	256	128	4	32	1.66	10.546875	resolved	136	0.9649030198880768	4.780858157254408	-10.831758645633467	-4.5796979368235355	-4.7786985375274815	-9.358396474351018	20.0	0.9358636913826527	0.9265050544688261	-1.0	-1.0	2.0
nominal	33	gbl	2048	256	128	4	32	1.1	18.359375	resolved	131	0.9868213981789473	30.348514008447253	1.1211400819615922	3.2918233545454663	2.860976070258942	6.1527994248044084	20.0	1.0011706540329117	0.9911589474925826	-1.0	-1.0	2.0
nominal	33	sa	2048	256	128	4	32	1.7	12.890625	resolved	131	0.9868213981789473	30.348514008447253	1.1211400819615922	3.2918233545454663	-2.1442884522875643	1.147534902257902	20.0	1.0011706540329117	0.9911589474925826	-1.0	-1.0	2.0
nominal	34	gbl	2048	256	128	4	32	1.25	18.359375	resolved	132	1.111148199155222	15.129075370162573	-7.209820293241336	4.424519353155816	-4.2673317344927915	0.15718761866302433	20.0	1.0819722147205497	1.0711524925733442	-1.0	-1.0	2.0
nominal	34	sa	2048	256	128	4	32	1.88	67.96875	resolved	132	1.111148199155222	15.129075370162573	-7.209820293241336	4.424519353155816	0.7371468469264367	5.161666200082252	20.0	1.0819722147205497	1.0711524925733442	-1.0	-1.0	2.0
nominal	35	gbl	2048	256	128	4	32	1.4	18.75	resolved	129	0.9771054873683863	9.46262437729712	-29.91785324236225	1.8754516584621763	-0.39369782344375764	1.4817538350184187	20.0	1.005530676033187	0.9954753692728552	-1.0	-1.0	2.0
nominal	35	sa	2048	256	128	4	32	1.75	14.453125	resolved	129	0.9771054873683863	9.46262437729712	-29.91785324236225	1.8754516584621763	-3.5479089139576914	-1.672457255495515	20.0	1.005530676033187	0.9954753692728552	-1.0	-1.0	2.0
nominal	36	gbl	2048	256	128	4	32	1.62	23.4375	resolved	134	1.0035353090505876	-7.027199641459764	-24.849190983975717	1.4670125442665958	0.3731791105444485	1.8401916548110444	20.0	1.0134535910724232	1.0033190551616988	-1.0	-1.0	2.0
nominal	36	sa	2048	256	128	4	32	1.75	14.453125	resolved	134	1.0035353090505876	-7.027199641459764	-24.849190983975717	1.4670125442665958	0.8476219948317569	2.3146345390983525	20.0	1.0134535910724232	1.0033190551616988	-1.0	-1.0	2.0
nominal	37	gbl	2048	256	128	4	32	1.55	17.96875	resolved	125	0.9908983562065774	33.4717836913256	9.413031833251248	15.265735486917993	-0.024030459939444034	15.241705026978549	20.0	0.9869587885625863	0.9770892006769605	-1.0	-1.0	2.0
nominal	37	sa	2048	256	128	4	32	1.7	12.890625	resolved	125	0.9908983562065774	33.4717836913256	9.413031833251248	15.265735486917993	3.6175794407907516	18.883314927708746	20.0	0.9869587885625863	0.9770892006769605	-1.0	-1.0	2.0
nominal	38	gbl	2048	256	128	4	32	1.62	21.875	resolved	140	0.928393010933367	9.37492646339727	-8.882573738108164	4.793537477653193	-2.171088165434181	2.622449312219012	20.0	0.9472083620243615	0.9377362784041179	-1.0	-1.0	2.0
nominal	38	sa	2048	256	128	4	32	1.66	10.546875	resolved	140	0.928393010933367	9.37492646339727	-8.882573738108164	4.793537477653193	0.626860770026055	5.420398247679248	20.0	0.9472083620243615	0.9377362784041179	-1.0	-1.0	2.0
nominal	39	gbl	2048	256	128	4	32	1.62	22.65625	resolved	129	0.9896321056576424	-40.274911854075626	-2.658616681626238	2.805659515583361	0.7737716800948558	3.5794311956782163	20.0	1.0445606682973334	1.03411506161436	-1.0	-1.0	2.0
nominal	39	sa	2048	256	128	4	32	1.75	14.453125	resolved	129	0.9896321056576424	-40.274911854075626	-2.658616681626238	2.805659515583361	6.497433444667628	9.30309296025099	20.0	1.0445606682973334	1.03411506161436	-1.0	-1.0	2.0
nominal	40	gbl	2048	256	128	4	32	1.1	16.796875	resolved	121	0.999665804574805	-58.14643144238963	26.205033572693708	4.964031976022375	0.19090372929931326	5.154935705321688	20.0	0.925736841895643	0.9164794734766866	-1.0	-1.0	2.0
nominal	40	sa	2048	256	128	4	32	1.75	13.671875	resolved	121	0.999665804574805	-58.14643144238963	26.205033572693708	4.964031976022375	-0.7082571822025724	4.2557747938198025	20.0	0.925736841895643	0.9164794734766866	-1.0	-1.0	2.0
nominal	41	gbl	2048	256	128	4	32	1.1	18.359375	resolved	124	0.9942971937095565	-24.84396091802005	-10.602917266513687	-0.7542740288241183	2.5278889393940007	1.7736149105698824	20.0	0.9814415164925885	0.9716271013276626	-1.0	-1.0	2.0
nominal	41	sa	2048	256	128	4	32	1.7	12.890625	resolved	124	0.9942971937095565	-24.84396091802005	-10.602917266513687	-0.7542740288241183	0.4742169600887827	-0.2800570687353356	20.0	0.9814415164925885	0.9716271013276626	-1.0	-1.0	2.0
nominal	42	gbl	2048	256	128	4	32	1.1	15.234375	resolved	133	0.9510567691469137	31.031872595894665	23.967239215684813	-25.05858763387142	4.852627807981141	-20.20595982589028	20.0	0.9257438877497239	0.9164864488722267	-1.0	-1.0	2.0
nominal	42	sa	2048	256	128	4	32	1.88	74.21875	resolved	133	0.9510567691469137	31.031872595894665	23.967239215684813	-25.05858763387142	0.5260756555402983	-24.53251197833112	20.0	0.9257438877497239	0.9164864488722267	-1.0	-1.0	2.0
nominal	43	gbl	2048	256	128	4	32	1.4	16.796875	resolved	140	0.9978282627511782	2.6479793481964373	21.84359647927969	-5.662082644553271	2.861737940001013	-2.8003447045522583	20.0	1.0762219948381757	1.065459774889794	-1.0	-1.0	2.0
nominal	43	sa	2048	256	128	4	32	1.7	12.890625	resolved	140	0.9978282627511782	2.6479793481964373	21.84359647927969	-5.662082644553271	-2.089516851619648	-7.751599496172918	20.0	1.0762219948381757	1.065459774889794	-1.0	-1.0	2.0
nominal	44	gbl	2048	256	128	4	32	1.55	17.96875	resolved	116	1.1211666748852906	-15.703010922565227	-27.09698648581378	-2.005200126072534	-0.1273903496464905	-2.1325904757190246	20.0	0.9327551231459672	0.9234275719145075	-1.0	-1.0	2.0
nominal	44	sa	2048	256	128	4	32	1.75	14.0625	resolved	116	1.1211666748852906	-15.703010922565227	-27.09698648581378	-2.005200126072534	1.3554125240886234	-0.6497876019839106	20.0	0.9327551231459672	0.9234275719145075	-1.0	-1.0	2.0
nominal	45	gbl	2048	256	128	4	32	1.62	21.875	resolved	120	0.9704346317733583	26.91265926561144	-28.770559065564733	-19.67353137095038	0.1571027316703187	-19.51642863928006	20.0	0.9877665618132859	0.9778888961951531	-1.0	-1.0	2.0
nominal	45	sa	2048	256	128	4	32	1.75	14.0625	resolved	120	0.9704346317733583	26.91265926561144	-28.770559065564733	-19.67353137095038	0.3782308587955269	-19.295300512154853	20.0	0.9877665618132859	0.9778888961951531	-1.0	-1.0	2.0
nominal	46	gbl	2048	256	128	4	32	1.25	17.1875	resolved	131	1.0734585238101535	8.563234990416053	21.776048828584624	4.970468269919403	0.36585174430194345	5.3363200142213465	20.0	0.916608469722583	0.9074423850253572	-1.0	-1.0	2.0
nominal	46	sa	2048	256	128	4	32	1.88	75.0	resolved	131	1.0734585238101535	8.563234990416053	21.776048828584624	4.970468269919403	3.421248501630566	8.39171677154997	20.0	0.916608469722583	0.9074423850253572	-1.0	-1.0	2.0
nominal	47	gbl	2048	256	128	4	32	1.55	17.578125	resolved	131	1.0058584666329926	5.097638716904566	-4.899293591848809	-3.930279463884335	1.7189663330737073	-2.2113131308106277	20.0	1.0304150826988185	1.0201109318718304	-1.0	-1.0	2.0
nominal	47	sa	2048	256	128	4	32	1.82	15.625	resolved	131	1.0058584666329926	5.097638716904566	-4.899293591848809	-3.930279463884335	-2.2338178015737706	-6.164097265458105	20.0	1.0304150826988185	1.0201109318718304	-1.0	-1.0	2.0
nominal	48	gbl	2048	256	128	4	32	1.25	17.96875	resolved	119	0.9647966021641147	-13.309075928484098	-6.270296807862702	-3.2438941383813598	0.7290141780114302	-2.5148799603699294	20.0	1.0181832651183402	1.008001432467157	-1.0	-1.0	2.0
nominal	48	sa	2048	256	128	4	32	1.88	69.921875	resolved	119	0.9647966021641147	-13.309075928484098	-6.270296807862702	-3.2438941383813598	-0.05594676875832175	-3.2998409071396817	20.0	1.0181832651183402	1.008001432467157	-1.0	-1.0	2.0
nominal	49	gbl	2048	256	128	4	32	1.62	22.65625	resolved	142	1.0679748886259997	-42.63475352865576	-4.433634354262716	2.4512108833882627	1.1202557684869805	3.571466651875243	20.0	1.0813451407264958	1.070531689319231	-1.0	-1.0	2.0
nominal	49	sa	2048	256	128	4	32	1.75	14.453125	resolved	142	1.0679748886259997	-42.63475352865576	-4.433634354262716	2.4512108833882627	0.6100231319012634	3.061234015289526	20.0	1.0813451407264958	1.070531689319231	-1.0	-1.0	2.0
nominal	50	gbl	2048	256	128	4	32	1.62	20.3125	resolved	127	1.0310209217306088	-3.1569189208722044	29.0022355271581	-1.3679858280883264	0.12054476119529142	-1.247441066893035	20.0	1.0039271881037808	0.993887916222743	-1.0	-1.0	2.0
nominal	50	sa	2048	256	128	4	32	1.75	14.0625	resolved	127	1.0310209217306088	-3.1569189208722044	29.0022355271581	-1.3679858280883264	0.9646088772916809	-0.4033769507966455	20.0	1.0039271881037808	0.993887916222743	-1.0	-1.0	2.0
nominal	51	gbl	2048	256	128	4	32	1.1	18.359375	resolved	124	1.0051900423230888	-2.428620898051853	4.466484001257743	10.35996248768269	-2.8445715569975007	7.515390930685189	20.0	1.096328318352528	1.0853650351690027	-1.0	-1.0	2.0
nominal	51	sa	2048	256	128	4	32	1.82	16.40625	resolved	124	1.0051900423230888	-2.428620898051853	4.466484001257743	10.35996248768269	0.3145626740931563	10.674525161775847	20.0	1.096328318352528	1.0853650351690027	-1.0	-1.0	2.0
nominal	52	gbl	2048	256	128	4	32	1.25	18.75	resolved	127	0.9048966876873894	16.91227203900165	-14.647028854163178	5.851564825377621	-0.4180306542750951	5.433534171102526	20.0	0.9694019603180942	0.9597079407149133	-1.0	-1.0	2.0
nominal	52	sa	2048	256	128	4	32	1.66	10.9375	resolved	127	0.9048966876873894	16.91227203900165	-14.647028854163178	5.851564825377621	0.3880045634628024	6.239569388840423	20.0	0.9694019603180942	0.9597079407149133	-1.0	-1.0	2.0
nominal	53	gbl	2048	256	128	4	32	1.4	17.96875	resolved	124	1.005159485998108	9.141015815123119	-5.443427557645844	-4.7048026021978435	2.3411029646653962	-2.3636996375324473	20.0	1.074518392228172	1.0637732083058904	-1.0	-1.0	2.0
nominal	53	sa	2048	256	128	4	32	1.66	11.328125	resolved	124	1.005159485998108	9.141015815123119	-5.443427557645844	-4.7048026021978435	1.3154118467514009	-3.389390755446443	20.0	1.074518392228172	1.0637732083058904	-1.0	-1.0	2.0
nominal	54	gbl	2048	256	128	4	32	1.4	17.1875	resolved	141	0.942427326966301	0.6829504670688197	0.7543571158982864	-6.9134908001798125	0.5165615980772325	-6.39692920210258	20.0	1.0136861536663355	1.0035492921296723	-1.0	-1.0	2.0
nominal	54	sa	2048	256	128	4	32	1.82	15.625	resolved	141	0.942427326966301	0.6829504670688197	0.7543571158982864	-6.9134908001798125	-0.23915227667756875	-7.152643076857381	20.0	1.0136861536663355	1.0035492921296723	-1.0	-1.0	2.0
nominal	55	gbl	2048	256	128	4	32	1.4	18.359375	resolved	123	0.9380400797726997	8.791416677848598	-22.501015097863206	4.248604288734886	-0.7037407251497823	3.544863563585104	20.0	0.9632993641015535	0.9536663704605379	-1.0	-1.0	2.0
nominal	55	sa	2048	256	128	4	32	1.82	15.625	resolved	123	0.9380400797726997	8.791416677848598	-22.501015097863206	4.248604288734886	0.12175454355980637	4.370358832294692	20.0	0.9632993641015535	0.9536663704605379	-1.0	-1.0	2.0
nominal	56	gbl	2048	256	128	4	32	1.25	18.75	resolved	127	0.9461172704628792	9.79532196294336	-1.6770135007065325	15.15845795974627	-0.04762750131998989	15.11083045842628	20.0	0.9394735249282624	0.9300787896789798	-1.0	-1.0	2.0
nominal	56	sa	2048	256	128	4	32	1.75	14.0625	resolved	127	0.9461172704628792	9.79532196294336	-1.6770135007065325	15.15845795974627	-2.6250838856630483	12.533374074083222	20.0	0.9394735249282624	0.9300787896789798	-1.0	-1.0	2.0
nominal	57	gbl	2048	256	128	4	32	1.4	14.84375	resolved	138	1.0221741524929226	-5.398842137126798	43.69124543789652	-17.564925202651224	-1.1027551040698405	-18.667680306721063	20.0	1.0371380625713598	1.0267666819456462	-1.0	-1.0	2.0
nominal	57	sa	2048	256	128	4	32	1.75	13.671875	resolved	138	1.0221741524929226	-5.398842137126798	43.69124543789652	-17.564925202651224	1.0066104963366769	-16.558314706314547	20.0	1.0371380625713598	1.0267666819456462	-1.0	-1.0	2.0
nominal	58	gbl	2048	256	128	4	32	1.62	24.609375	resolved	114	1.0556643610962597	23.876300048397617	-24.53200860006256	1.3502103703019197	-0.331060918769408	1.0191494515325117	20.0	1.0240996715662047	1.0138586748505427	-1.0	-1.0	2.0
nominal	58	sa	2048	256	128	4	32	1.88	69.921875	resolved	114	1.0556643610962597	23.876300048397617	-24.53200860006256	1.3502103703019197	-1.2357486277172671	0.11446174258465258	20.0	1.0240996715662047	1.0138586748505427	-1.0	-1.0	2.0
nominal	59	gbl	2048	256	128	4	32	1.55	17.1875	resolved	131	1.0670158124737161	-12.117430635015307	16.913712609742777	12.88852255499254	-4.189940728526882	8.69858182646566	20.0	1.0058839683338228	0.9958251286504846	-1.0	-1.0	2.0
nominal	59	sa	2048	256	128	4	32	1.88	70.703125	resolved	131	1.0670158124737161	-12.117430635015307	16.913712609742777	12.88852255499254	0.3740907866364754	13.262613341629017	20.0	1.0058839683338228	0.9958251286504846	-1.0	-1.0	2.0
nominal	60	gbl	2048	256	128	4	32	1.4	17.1875	resolved	135	0.958634262456656	-17.137347629476388	11.473608033326133	3.140754966710937	-3.25052436882757	-0.10976940211663289	20.0	1.0366906429678768	1.026323736538198	-1.0	-1.0	2.0
nominal	60	sa	2048	256	128	4	32	1.75	14.453125	resolved	135	0.958634262456656	-17.137347629476388	11.473608033326133	3.140754966710937	-1.8647801776693658	1.2759747890415711	20.0	1.0366906429678768	1.026323736538198	-1.0	-1.0	2.0
nominal	61	gbl	2048	256	128	4	32	1.62	23.4375	resolved	142	1.185887413679237	11.635259344197541	6.417446398104412	13.252859465288218	3.0056604279838166	16.258519893272034	20.0	1.083476412111237	1.0726416479901246	-1.0	-1.0	2.0
nominal	61	sa	2048	256	128	4	32	1.66	11.328125	resolved	142	1.185887413679237	11.635259344197541	6.417446398104412	13.252859465288218	3.2450014870576473	16.497860952345864	20.0	1.083476412111237	1.0726416479901246	-1.0	-1.0	2.0
nominal	62	gbl	2048	256	128	4	32	1.62	21.875	resolved	132	1.0435260973838294	1.0034497238224467	3.0322542876990037	3.466961188547205	1.032610269404277	4.499571457951482	20.0	0.9858644004626994	0.9760057564580724	-1.0	-1.0	2.0
nominal	62	sa	2048	256	128	4	32	1.75	14.0625	resolved	132	1.0435260973838294	1.0034497238224467	3.0322542876990037	3.466961188547205	-2.5936418148595735	0.8733193736876315	20.0	0.9858644004626994	0.9760057564580724	-1.0	-1.0	2.0
nominal	63	gbl	2048	256	128	4	32	1.4	18.75	resolved	139	1.046056317061039	1.635787252418826	-2.57853864443513	24.90366494554447	-1.9396054485672694	22.9640594969772	20.0	0.9564220727038614	0.9468578519768227	-1.0	-1.0	2.0
nominal	63	sa	2048	256	128	4	32	1.7	12.890625	resolved	139	1.046056317061039	1.635787252418826	-2.57853864443513	24.90366494554447	2.370493578036394	27.274158523580866	20.0	0.9564220727038614	0.9468578519768227	-1.0	-1.0	2.0
high	0	gbl	2048	256	128	4	32	1.4	16.796875	resolved	121	0.9223888566270929	47.79109273346518	11.807544866660704	6.014305447269352	-0.5691169427155587	5.445188504553792	40.0	0.9243332910862266	0.9058466252645021	-3.0	-3.0	10.0
high	0	sa	2048	256	128	4	32	1.7	12.5	resolved	121	0.9223888566270929	47.79109273346518	11.807544866660704	6.014305447269352	-1.248431046493677	4.765874400775674	40.0	0.9243332910862266	0.9058466252645021	-3.0	-3.0	10.0
high	1	gbl	2048	256	128	4	32	1.55	16.015625	resolved	128	0.7998966646520121	47.15321154737527	-27.29965106592943	-20.383097439839588	-5.388493538267964	-25.771590978107554	40.0	0.8870494563599868	0.869308467232787	-3.0	-3.0	10.0
high	1	sa	2048	256	128	4	32	1.7	12.109375	resolved	128	0.7998966646520121	47.15321154737527	-27.29965106592943	-20.383097439839588	-0.9152302202290945	-21.298327660068683	40.0	0.8870494563599868	0.869308467232787	-3.0	-3.0	10.0
high	2	gbl	2048	256	128	4	32	1.4	18.359375	resolved	124	1.059021703810023	17.121587431222	-23.358367421862248	-0.3857229953026584	-7.17272109886755	-7.558444094170208	40.0	1.1469544957066418	1.124015405792509	-3.0	-3.0	10.0
high	2	sa	2048	256	128	4	32	1.82	16.40625	resolved	124	1.059021703810023	17.121587431222	-23.358367421862248	-0.3857229953026584	-8.129119789593533	-8.514842784896192	40.0	1.1469544957066418	1.124015405792509	-3.0	-3.0	10.0
high	3	gbl	2048	256	128	4	32	1.25	19.921875	resolved	132	0.8010842074476638	-13.766058428105163	-47.38548344351349	18.805265639492394	-10.246290325396995	8.558975314095399	40.0	0.9987393950636838	0.9787646071624101	-3.0	-3.0	10.0
high	3	sa	2048	256	128	4	32	1.88	71.484375	resolved	132	0.8010842074476638	-13.766058428105163	-47.38548344351349	18.805265639492394	-0.28741212178446945	18.517853517707923	40.0	0.9987393950636838	0.9787646071624101	-3.0	-3.0	10.0
high	4	gbl	2048	256	128	4	32	1.55	15.234375	resolved	135	1.0406859139052556	11.157457719091028	51.16124842541197	11.961579095790997	-1.2855998392920964	10.6759792564989	40.0	0.8850991268957173	0.867397144357803	-3.0	-3.0	10.0
high	4	sa	2048	256	128	4	32	1.88	77.34375	resolved	135	1.0406859139052556	11.157457719091028	51.16124842541197	11.961579095790997	0.34154452689987747	12.303123622690874	40.0	0.8850991268957173	0.867397144357803	-3.0	-3.0	10.0
high	5	gbl	2048	256	128	4	32	1.4	16.40625	resolved	121	0.9377808975496857	65.32053957872319	48.811559673895786	25.73875372369482	-6.082989113475242	19.655764610219578	40.0	0.9079728809150075	0.8898134232967073	-3.0	-3.0	10.0
high	5	sa	2048	256	128	4	32	1.7	12.109375	resolved	121	0.9377808975496857	65.32053957872319	48.811559673895786	25.73875372369482	11.450065059131191	37.18881878282601	40.0	0.9079728809150075	0.8898134232967073	-3.0	-3.0	10.0
high	6	gbl	2048	256	128	4	32	1.1	15.234375	resolved	120	1.0819189762919423	75.51489513415964	58.35324397362748	-8.609749489732035	0.03099556853234537	-8.57875392119969	40.0	1.1329771153678163	1.11031757306046	-3.0	-3.0	10.0
high	6	sa	2048	256	128	4	32	1.7	12.5	resolved	120	1.0819189762919423	75.51489513415964	58.35324397362748	-8.609749489732035	0.19005889190461825	-8.419690597827417	40.0	1.1329771153678163	1.11031757306046	-3.0	-3.0	10.0
high	7	gbl	2048	256	128	4	32	1.4	17.1875	resolved	123	0.9994155004774126	13.04516909281416	4.508669958015711	-5.867975022231561	4.731764516527992	-1.136210505703569	40.0	1.058796191455722	1.0376202676266075	-3.0	-3.0	10.0
high	7	sa	2048	256	128	4	32	1.82	15.625	resolved	123	0.9994155004774126	13.04516909281416	4.508669958015711	-5.867975022231561	-1.6485164910064545	-7.516491513238016	40.0	1.058796191455722	1.0376202676266075	-3.0	-3.0	10.0
high	8	gbl	2048	256	128	4	32	1.1	17.1875	resolved	118	0.9841832118424073	-6.440957135249895	11.200816250899852	3.1443604938321794	-1.4050001390536695	1.73936035477851	40.0	0.949004498069541	0.9300244081081501	-3.0	-3.0	10.0
high	8	sa	2048	256	128	4	32	1.7	12.5	resolved	118	0.9841832118424073	-6.440957135249895	11.200816250899852	3.1443604938321794	1.470137810341937	4.614498304174116	40.0	0.949004498069541	0.9300244081081501	-3.0	-3.0	10.0
high	9	gbl	2048	256	128	4	32	1.62	23.046875	resolved	129	1.1424879897099531	57.39173712449157	-47.54128561840418	-3.1938598987263758	1.4174023978152972	-1.7764575009110786	40.0	0.8093027242667489	0.7931166697814139	-3.0	-3.0	10.0
high	9	sa	2048	256	128	4	32	1.7	12.109375	resolved	129	1.1424879897099531	57.39173712449157	-47.54128561840418	-3.1938598987263758	0.4869088394563848	-2.706951059269991	40.0	0.8093027242667489	0.7931166697814139	-3.0	-3.0	10.0
high	10	gbl	2048	256	128	4	32	1.4	17.1875	resolved	122	1.0342601574484556	8.327438624309183	3.2664544564758886	-0.6017611802205027	11.620644901241409	11.018883721020906	40.0	0.8639484059137288	0.8466694377954542	-3.0	-3.0	10.0
high	10	sa	2048	256	128	4	32	1.75	13.28125	resolved	122	1.0342601574484556	8.327438624309183	3.2664544564758886	-0.6017611802205027	3.4339110469379186	2.832149866717416	40.0	0.8639484059137288	0.8466694377954542	-3.0	-3.0	10.0
high	11	gbl	2048	256	128	4	32	1.1	18.75	resolved	125	0.9373626587711286	26.954282736299252	33.654376445104184	33.418895528810936	-0.3453125700836859	33.07358295872725	40.0	1.0734760386829565	1.0520065179092974	-3.0	-3.0	10.0
high	11	sa	2048	256	128	4	32	1.66	11.328125	resolved	125	0.9373626587711286	26.954282736299252	33.654376445104184	33.418895528810936	0.7363699094251376	34.15526543823607	40.0	1.0734760386829565	1.0520065179092974	-3.0	-3.0	10.0
high	12	gbl	2048	256	128	4	32	1.1	18.75	resolved	146	1.092506822535254	11.832162115202857	-83.17406282283727	-21.824183488550666	-11.07292556146728	-32.897109050017946	40.0	0.9751401780219029	0.9556373744614648	-3.0	-3.0	10.0
high	12	sa	2048	256	128	4	32	1.82	15.234375	resolved	146	1.092506822535254	11.832162115202857	-83.17406282283727	-21.824183488550666	-2.9943742015556256	-24.818557690106292	40.0	0.9751401780219029	0.9556373744614648	-3.0	-3.0	10.0
high	13	gbl	2048	256	128	4	32	1.62	21.484375	resolved	129	0.8986424052230538	49.514597216049765	7.597370662875983	1.699808118281215	-0.8603268774968709	0.8394812407843442	40.0	0.9748320998984176	0.9553354579004492	-3.0	-3.0	10.0
high	13	sa	2048	256	128	4	32	1.66	10.546875	resolved	129	0.8986424052230538	49.514597216049765	7.597370662875983	1.699808118281215	3.026867316407345	4.72667543468856	40.0	0.9748320998984176	0.9553354579004492	-3.0	-3.0	10.0
high	14	gbl	2048	256	128	4	32	1.55	17.96875	resolved	119	1.0972908251491003	-13.990069925414856	-49.80939300310082	-27.603087963819476	0.059228042961616295	-27.54385992085786	40.0	1.0926013507118877	1.07074932369765	-3.0	-3.0	10.0
high	14	sa	2048	256	128	4	32	1.88	67.1875	resolved	119	1.0972908251491003	-13.990069925414856	-49.80939300310082	-27.603087963819476	6.5262924930628365	-21.07679547075664	40.0	1.0926013507118877	1.07074932369765	-3.0	-3.0	10.0
high	15	gbl	2048	256	128	4	32	1.55	15.234375	resolved	117	0.9202936568558363	-14.611727912208544	16.902407729444043	-22.850573367121424	6.588336458544429	-16.262236908576995	40.0	0.9506464773728014	0.9316335478253454	-3.0	-3.0	10.0
high	15	sa	2048	256	128	4	32	1.75	13.28125	resolved	117	0.9202936568558363	-14.611727912208544	16.902407729444043	-22.850573367121424	0.7800505585821655	-22.07052280853926	40.0	0.9506464773728014	0.9316335478253454	-3.0	-3.0	10.0
high	16	gbl	2048	256	128	4	32	1.62	19.140625	resolved	124	0.7692391979187053	-38.1526428468012	24.765671772625044	-13.012911785120183	-3.462191912548324	-16.47510369766851	40.0	1.0144772092966303	0.9941876651106977	-3.0	-3.0	10.0
high	16	sa	2048	256	128	4	32	1.75	13.671875	resolved	124	0.7692391979187053	-38.1526428468012	24.765671772625044	-13.012911785120183	0.5237050891180395	-12.489206696002144	40.0	1.0144772092966303	0.9941876651106977	-3.0	-3.0	10.0
high	17	gbl	2048	256	128	4	32	1.25	19.140625	resolved	130	0.9498977567643829	-96.89132469898871	-15.556162303717542	9.112781777695766	5.90146137561841	15.014243153314176	40.0	1.0138691328482246	0.99359175019126	-3.0	-3.0	10.0
high	17	sa	2048	256	128	4	32	1.88	70.703125	resolved	130	0.9498977567643829	-96.89132469898871	-15.556162303717542	9.112781777695766	1.4970611142115295	10.609842891907295	40.0	1.0138691328482246	0.99359175019126	-3.0	-3.0	10.0
high	18	gbl	2048	256	128	4	32	1.4	15.625	resolved	131	0.9971840203626909	27.59861964530051	34.736404481131416	-9.865209201857734	-4.863655450938758	-14.728864652796492	40.0	1.1466829413864728	1.1237492825587432	-3.0	-3.0	10.0
high	18	sa	2048	256	128	4	32	1.88	65.625	resolved	131	0.9971840203626909	27.59861964530051	34.736404481131416	-9.865209201857734	-1.437497182924377	-11.30270638478211	40.0	1.1466829413864728	1.1237492825587432	-3.0	-3.0	10.0
high	19	gbl	2048	256	128	4	32	1.4	17.96875	resolved	124	0.900844509488509	82.2379558933786	-10.008638766752236	12.591135431939867	-1.8844825686435072	10.706652863296359	40.0	0.9568881332779334	0.9377503706123748	-3.0	-3.0	10.0
high	19	sa	2048	256	128	4	32	1.66	10.9375	resolved	124	0.900844509488509	82.2379558933786	-10.008638766752236	12.591135431939867	-4.6116008069959395	7.979534624943927	40.0	0.9568881332779334	0.9377503706123748	-3.0	-3.0	10.0
high	20	gbl	2048	256	128	4	32	1.4	17.1875	resolved	128	0.9674584975937975	79.11590528827224	72.19665294117392	21.08682815688445	3.747276588272685	24.834104745157134	40.0	1.2414249609657932	1.2165964617464773	-3.0	-3.0	10.0
high	20	sa	2048	256	128	4	32	1.7	13.28125	resolved	128	0.9674584975937975	79.11590528827224	72.19665294117392	21.08682815688445	-9.898941021775936	11.187887135108515	40.0	1.2414249609657932	1.2165964617464773	-3.0	-3.0	10.0
high	21	gbl	2048	256	128	4	32	1.1	17.1875	resolved	125	0.9595792826306226	63.249810397971274	-30.31591453330844	-19.572075793568604	-10.346435682641237	-29.918511476209844	40.0	1.0481440356798493	1.0271811549662522	-3.0	-3.0	10.0
high	21	sa	2048	256	128	4	32	1.82	15.625	resolved	125	0.9595792826306226	63.249810397971274	-30.31591453330844	-19.572075793568604	-6.342144974103886	-25.91422076767249	40.0	1.0481440356798493	1.0271811549662522	-3.0	-3.0	10.0
high	22	gbl	2048	256	128	4	32	1.1	20.703125	resolved	136	1.0135570015455082	-11.18885934229417	-17.171665266240986	29.6248669878819	-3.041870289775014	26.58299669810689	40.0	1.097628021428382	1.0756754609998143	-3.0	-3.0	10.0
high	22	sa	2048	256	128	4	32	1.75	15.234375	resolved	136	1.0135570015455082	-11.18885934229417	-17.171665266240986	29.6248669878819	7.896980812806275	37.52184780068818	40.0	1.097628021428382	1.0756754609998143	-3.0	-3.0	10.0
high	23	gbl	2048	256	128	4	32	1.62	23.828125	resolved	128	1.2072978745283076	4.555928184509809	-12.76188026745267	14.671770338159025	-7.462196597074479	7.2095737410845455	40.0	1.014741075266167	0.9944462537608436	-3.0	-3.0	10.0
high	23	sa	2048	256	128	4	32	1.75	14.453125	resolved	128	1.2072978745283076	4.555928184509809	-12.76188026745267	14.671770338159025	2.0559587995223905	16.727729137681415	40.0	1.014741075266167	0.9944462537608436	-3.0	-3.0	10.0
high	24	gbl	2048	256	128	4	32	1.62	18.359375	resolved	124	0.9332860893646123	46.66667582096171	-16.06584187858194	-40.18443897345625	-0.7883728150546259	-40.97281178851088	40.0	0.9357200906680608	0.9170056888546996	-3.0	-3.0	10.0
high	24	sa	2048	256	128	4	32	1.7	11.71875	resolved	124	0.9332860893646123	46.66667582096171	-16.06584187858194	-40.18443897345625	-6.369514449262458	-46.55395342271871	40.0	0.9357200906680608	0.9170056888546996	-3.0	-3.0	10.0
high	25	gbl	2048	256	128	4	32	1.62	27.34375	resolved	122	1.0348476244565752	-36.615042463081664	15.44398820540128	39.14778260318889	9.271674484271298	48.41945708746019	40.0	1.0952388404662032	1.0733340636568791	-3.0	-3.0	10.0
high	25	sa	2048	256	128	4	32	1.88	67.96875	resolved	122	1.0348476244565752	-36.615042463081664	15.44398820540128	39.14778260318889	-2.7865219893826776	36.36126061380621	40.0	1.0952388404662032	1.0733340636568791	-3.0	-3.0	10.0
high	26	gbl	2048	256	128	4	32	1.4	16.796875	resolved	131	0.8973138821850631	3.7717100076579415	5.951312277064903	-13.40004898674064	4.662461909618086	-8.737587077122553	40.0	1.093318930637196	1.071452552024452	-3.0	-3.0	10.0
high	26	sa	2048	256	128	4	32	1.75	14.453125	resolved	131	0.8973138821850631	3.7717100076579415	5.951312277064903	-13.40004898674064	3.1582472802295296	-10.24180170651111	40.0	1.093318930637196	1.071452552024452	-3.0	-3.0	10.0
high	27	gbl	2048	256	128	4	32	1.4	17.96875	resolved	118	0.9936958409101714	41.587503701529585	-13.913444788465252	-3.452273142845022	3.4384152155957084	-0.013857927249313562	40.0	0.9926697875480813	0.9728163917971197	-3.0	-3.0	10.0
high	27	sa	2048	256	128	4	32	1.75	14.0625	resolved	118	0.9936958409101714	41.587503701529585	-13.913444788465252	-3.452273142845022	0.1711576407837918	-3.28111550206123	40.0	0.9926697875480813	0.9728163917971197	-3.0	-3.0	10.0
high	28	gbl	2048	256	128	4	32	1.25	15.625	resolved	132	1.1250631383474696	-5.308800453706674	0.5296241731958731	-17.735108427052797	0.14451593873021995	-17.590592488322578	40.0	0.8120470769925114	0.7958061354526612	-3.0	-3.0	10.0
high	28	sa	2048	256	128	4	32	1.75	12.5	resolved	132	1.1250631383474696	-5.308800453706674	0.5296241731958731	-17.735108427052797	-1.274412062855009	-19.009520489907807	40.0	0.8120470769925114	0.7958061354526612	-3.0	-3.0	10.0
high	29	gbl	2048	256	128	4	32	1.62	22.265625	resolved	128	0.9851116279271543	-79.49467912386483	19.854525563513253	3.8158096359049636	6.882624272702529	10.698433908607493	40.0	1.047056134548899	1.026115011857921	-3.0	-3.0	10.0
high	29	sa	2048	256	128	4	32	1.66	10.9375	resolved	128	0.9851116279271543	-79.49467912386483	19.854525563513253	3.8158096359049636	11.321001958811074	15.136811594716038	40.0	1.047056134548899	1.026115011857921	-3.0	-3.0	10.0
high	30	gbl	2048	256	128	4	32	1.25	17.578125	resolved	128	0.9775643468423179	-29.999282074239733	16.324867148186218	-4.124228128012816	7.3519110280785025	3.2276829000656866	40.0	1.1102678430985502	1.088062486236579	-3.0	-3.0	10.0
high	30	sa	2048	256	128	4	32	1.75	14.453125	resolved	128	0.9775643468423179	-29.999282074239733	16.324867148186218	-4.124228128012816	-0.8421324842004174	-4.966360612213233	40.0	1.1102678430985502	1.088062486236579	-3.0	-3.0	10.0
high	31	gbl	2048	256	128	4	32	1.55	17.96875	resolved	125	1.0926862196660603	74.56275267257702	-31.93955559121758	-4.957103294625603	-0.728911534079413	-5.686014828705016	40.0	1.0250408583771078	1.0045400412095655	-3.0	-3.0	10.0
high	31	sa	2048	256	128	4	32	1.7	13.28125	resolved	125	1.0926862196660603	74.56275267257702	-31.93955559121758	-4.957103294625603	-8.064457158803975	-13.02156045342958	40.0	1.0250408583771078	1.0045400412095655	-3.0	-3.0	10.0
high	32	gbl	2048	256	128	4	32	1.1	14.453125	resolved	126	0.9161725181098405	18.741626812938165	48.99410248961726	-11.565091096784998	-3.245205632858983	-14.810296729643982	40.0	0.8884939357006806	0.870724056986667	-3.0	-3.0	10.0
high	32	sa	2048	256	128	4	32	1.66	8.984375	resolved	126	0.9161725181098405	18.741626812938165	48.99410248961726	-11.565091096784998	-0.8137034114665541	-12.378794508251552	40.0	0.8884939357006806	0.870724056986667	-3.0	-3.0	10.0
high	33	gbl	2048	256	128	4	32	1.1	16.796875	resolved	127	0.9038980118453683	-7.586477183802231	39.877999841196605	1.664819056886794	0.545252225641448	2.210071282528242	40.0	1.186272873013756	1.1625474155534807	-3.0	-3.0	10.0
high	33	sa	2048	256	128	4	32	1.66	11.328125	resolved	127	0.9038980118453683	-7.586477183802231	39.877999841196605	1.664819056886794	2.9634639068771795	4.628282963763974	40.0	1.186272873013756	1.1625474155534807	-3.0	-3.0	10.0
high	34	gbl	2048	256	128	4	32	1.1	23.046875	resolved	125	1.2248729768904876	32.644502698891195	-50.16923268931893	40.013365365997835	3.486397965465989	43.499763331463825	40.0	1.1151337625024564	1.0928310872524072	-3.0	-3.0	10.0
high	34	sa	2048	256	128	4	32	1.66	13.28125	resolved	125	1.2248729768904876	32.644502698891195	-50.16923268931893	40.013365365997835	5.656096773143204	45.66946213914104	40.0	1.1151337625024564	1.0928310872524072	-3.0	-3.0	10.0
high	35	gbl	2048	256	128	4	32	1.4	16.015625	resolved	124	1.0322550464435314	-11.525680175285904	-5.553035961173234	-26.29819106371375	0.4449398099211952	-25.853251253792557	40.0	0.98261825449668	0.9629658894067464	-3.0	-3.0	10.0
high	35	sa	2048	256	128	4	32	1.75	13.671875	resolved	124	1.0322550464435314	-11.525680175285904	-5.553035961173234	-26.29819106371375	2.029122331794984	-24.269068731918768	40.0	0.98261825449668	0.9629658894067464	-3.0	-3.0	10.0
high	36	gbl	2048	256	128	4	32	1.25	17.1875	resolved	134	1.0663113032906586	16.87056750032921	19.323618052630515	17.787227402134263	-10.176910565248596	7.6103168368856675	40.0	0.9534264431427758	0.9343579142799203	-3.0	-3.0	10.0
high	36	sa	2048	256	128	4	32	1.82	15.234375	resolved	134	1.0663113032906586	16.87056750032921	19.323618052630515	17.787227402134263	0.5069858353159037	18.294213237450165	40.0	0.9534264431427758	0.9343579142799203	-3.0	-3.0	10.0
high	37	gbl	2048	256	128	4	32	1.1	16.015625	resolved	139	1.0317332403391144	8.941607785823727	-5.319936106579643	-25.864668847989766	1.3671969421725017	-24.497471905817264	40.0	0.9404263427636135	0.9216178159083412	-3.0	-3.0	10.0
high	37	sa	2048	256	128	4	32	1.82	14.84375	resolved	139	1.0317332403391144	8.941607785823727	-5.319936106579643	-25.864668847989766	-7.204519769403928	-33.06918861739369	40.0	0.9404263427636135	0.9216178159083412	-3.0	-3.0	10.0
high	38	gbl	2048	256	128	4	32	1.25	20.703125	resolved	135	0.9532757210729857	1.3451262597035023	-64.13126907252432	18.830266157334876	-1.8174834477560604	17.012782709578815	40.0	0.93951136145588	0.9207211342267624	-3.0	-3.0	10.0
high	38	sa	2048	256	128	4	32	1.75	14.453125	resolved	135	0.9532757210729857	1.3451262597035023	-64.13126907252432	18.830266157334876	10.731766957215429	29.562033114550303	40.0	0.93951136145588	0.9207211342267624	-3.0	-3.0	10.0
high	39	gbl	2048	256	128	4	32	1.62	23.046875	resolved	150	1.028990812457747	-16.774899374456783	-15.91155169862384	13.861619325883822	2.676680746905849	16.53830007278967	40.0	0.8819569439598807	0.864317805080683	-3.0	-3.0	10.0
high	39	sa	2048	256	128	4	32	1.66	10.546875	resolved	150	1.028990812457747	-16.774899374456783	-15.91155169862384	13.861619325883822	3.037007113439696	16.898626439323518	40.0	0.8819569439598807	0.864317805080683	-3.0	-3.0	10.0
high	40	gbl	2048	256	128	4	32	1.62	23.828125	resolved	118	0.9918702962809947	-11.343726810482206	-31.013104511569466	-3.3452879306971	2.738776535514382	-0.6065113951827183	40.0	0.9249594642142909	0.906460274930005	-3.0	-3.0	10.0
high	40	sa	2048	256	128	4	32	1.66	10.9375	resolved	118	0.9918702962809947	-11.343726810482206	-31.013104511569466	-3.3452879306971	7.216148376305371	3.870860445608271	40.0	0.9249594642142909	0.906460274930005	-3.0	-3.0	10.0
high	41	gbl	2048	256	128	4	32	1.62	26.953125	resolved	139	0.8873058644692153	19.88870712736245	-8.756883998402238	46.46715021887716	-5.073631124915262	41.3935190939619	40.0	1.0058250003808247	0.9857085003732081	-3.0	-3.0	10.0
high	41	sa	2048	256	128	4	32	1.88	71.484375	resolved	139	0.8873058644692153	19.88870712736245	-8.756883998402238	46.46715021887716	-2.8700848345095595	43.597065384367596	40.0	1.0058250003808247	0.9857085003732081	-3.0	-3.0	10.0
high	42	gbl	2048	256	128	4	32	1.25	18.75	resolved	122	1.007389077178928	7.24228454481003	-16.737329566871505	4.283971094625254	-3.4960158251173565	0.7879552695078971	40.0	1.10351798502855	1.081447625327979	-3.0	-3.0	10.0
high	42	sa	2048	256	128	4	32	1.88	67.1875	resolved	122	1.007389077178928	7.24228454481003	-16.737329566871505	4.283971094625254	7.342869788797531	11.626840883422783	40.0	1.10351798502855	1.081447625327979	-3.0	-3.0	10.0
high	43	gbl	2048	256	128	4	32	1.62	19.140625	resolved	137	1.0854867909862247	-98.77485500132777	22.687898475954434	-5.206058101857779	-7.503262404337027	-12.709320506194807	40.0	0.9929682807476349	0.9731089151326822	-3.0	-3.0	10.0
high	43	sa	2048	256	128	4	32	1.82	15.234375	resolved	137	1.0854867909862247	-98.77485500132777	22.687898475954434	-5.206058101857779	0.4521860908119599	-4.753872011045819	40.0	0.9929682807476349	0.9731089151326822	-3.0	-3.0	10.0
high	44	gbl	2048	256	128	4	32	1.1	20.703125	resolved	128	0.8831351475385687	3.0860349947233385	-18.634690262954965	28.933160608999202	-1.732682363574694	27.20047824542451	40.0	1.0894541588153546	1.0676650756390476	-3.0	-3.0	10.0
high	44	sa	2048	256	128	4	32	1.7	14.453125	resolved	128	0.8831351475385687	3.0860349947233385	-18.634690262954965	28.933160608999202	5.22185797412643	34.15501858312563	40.0	1.0894541588153546	1.0676650756390476	-3.0	-3.0	10.0
high	45	gbl	2048	256	128	4	32	1.25	13.671875	resolved	126	1.0549571633203116	-24.553187238596138	26.472142379364975	-33.76707348478591	-4.793142719851984	-38.5602162046379	40.0	0.895281251048325	0.8773756260273585	-3.0	-3.0	10.0
high	45	sa	2048	256	128	4	32	1.66	8.984375	resolved	126	1.0549571633203116	-24.553187238596138	26.472142379364975	-33.76707348478591	5.72245747690145	-28.04461600788446	40.0	0.895281251048325	0.8773756260273585	-3.0	-3.0	10.0
high	46	gbl	2048	256	128	4	32	1.1	17.1875	resolved	125	0.9391388595680616	26.465233241922995	23.614979702426243	6.293580630044993	-4.090341132597787	2.203239497447205	40.0	1.0980478895034338	1.076086931713365	-3.0	-3.0	10.0
high	46	sa	2048	256	128	4	32	1.88	67.1875	resolved	125	0.9391388595680616	26.465233241922995	23.614979702426243	6.293580630044993	1.0513821184510583	7.344962748496051	40.0	1.0980478895034338	1.076086931713365	-3.0	-3.0	10.0
high	47	gbl	2048	256	128	4	32	1.62	19.921875	resolved	123	1.1362410672672367	24.099522625787458	-13.887769638111266	-37.84324064929379	-0.33886627602850716	-38.182106925322294	40.0	1.0989329327368114	1.0769542740820752	-3.0	-3.0	10.0
high	47	sa	2048	256	128	4	32	1.88	66.796875	resolved	123	1.1362410672672367	24.099522625787458	-13.887769638111266	-37.84324064929379	-3.633324538716147	-41.476565188009936	40.0	1.0989329327368114	1.0769542740820752	-3.0	-3.0	10.0
high	48	gbl	2048	256	128	4	32	1.55	13.671875	resolved	119	0.9128446969298888	14.007297196040831	37.769820182640316	-33.164525854937125	-3.1870338692358073	-36.35155972417293	40.0	1.0581587648367539	1.0369955895400187	-3.0	-3.0	10.0
high	48	sa	2048	256	128	4	32	1.66	10.15625	resolved	119	0.9128446969298888	14.007297196040831	37.769820182640316	-33.164525854937125	10.945972125797109	-22.218553729140016	40.0	1.0581587648367539	1.0369955895400187	-3.0	-3.0	10.0
high	49	gbl	2048	256	128	4	32	1.55	18.75	resolved	134	1.1013809825844565	14.66854936908501	-17.121295161459685	28.367054673838794	-3.7393675427897093	24.627687131049086	40.0	0.8820188787950101	0.8643785012191099	-3.0	-3.0	10.0
high	49	sa	2048	256	128	4	32	1.88	78.125	resolved	134	1.1013809825844565	14.66854936908501	-17.121295161459685	28.367054673838794	2.458446696694377	30.82550137053317	40.0	0.8820188787950101	0.8643785012191099	-3.0	-3.0	10.0
high	50	gbl	2048	256	128	4	32	1.62	21.484375	resolved	119	0.9538306988062247	17.924558678806765	29.41435099061254	-10.223862355941044	4.481717570907496	-5.742144785033548	40.0	1.1977145578872677	1.1737602667295224	-3.0	-3.0	10.0
high	50	sa	2048	256	128	4	32	1.7	13.28125	resolved	119	0.9538306988062247	17.924558678806765	29.41435099061254	-10.223862355941044	-1.319583072235556	-11.5434454281766	40.0	1.1977145578872677	1.1737602667295224	-3.0	-3.0	10.0
high	51	gbl	2048	256	128	4	32	1.62	16.796875	resolved	125	1.0104115804583123	-64.00619945131896	40.885225271394496	-16.5304268362886	-5.4419769116347645	-21.972403747923366	40.0	0.8812134725588692	0.8635892031076917	-3.0	-3.0	10.0
high	51	sa	2048	256	128	4	32	1.82	14.453125	resolved	125	1.0104115804583123	-64.00619945131896	40.885225271394496	-16.5304268362886	6.222594745376792	-10.307832090911809	40.0	0.8812134725588692	0.8635892031076917	-3.0	-3.0	10.0
high	52	gbl	2048	256	128	4	32	1.25	18.75	resolved	123	0.9735098930357976	-94.87799965125853	8.735642534602606	21.79629481845646	-9.756229888710457	12.040064929746002	40.0	1.1342538885468918	1.111568810775954	-3.0	-3.0	10.0
high	52	sa	2048	256	128	4	32	1.66	11.71875	resolved	123	0.9735098930357976	-94.87799965125853	8.735642534602606	21.79629481845646	-6.42459143171288	15.37170338674358	40.0	1.1342538885468918	1.111568810775954	-3.0	-3.0	10.0
high	53	gbl	2048	256	128	4	32	1.4	17.1875	resolved	127	1.1324339672839683	-56.56552812641351	-22.87572679068912	-2.0517761422411147	-6.267594980176008	-8.319371122417122	40.0	0.930391477259405	0.9117836477142168	-3.0	-3.0	10.0
high	53	sa	2048	256	128	4	32	1.66	10.546875	resolved	127	1.1324339672839683	-56.56552812641351	-22.87572679068912	-2.0517761422411147	-0.7011200211577813	-2.752896163398896	40.0	0.930391477259405	0.9117836477142168	-3.0	-3.0	10.0
high	54	gbl	2048	256	128	4	32	1.55	19.140625	resolved	121	0.8758034289224508	-0.48599743605038626	-99.20974870028112	-14.565998604433014	1.0290723740705756	-13.53692623036244	40.0	0.8998357914314772	0.8818390756028476	-3.0	-3.0	10.0
high	54	sa	2048	256	128	4	32	1.7	13.28125	resolved	121	0.8758034289224508	-0.48599743605038626	-99.20974870028112	-14.565998604433014	0.0328949715601569	-14.533103632872857	40.0	0.8998357914314772	0.8818390756028476	-3.0	-3.0	10.0
high	55	gbl	2048	256	128	4	32	1.62	24.609375	resolved	117	0.9089082150827917	44.20545731015327	-0.07210055970720054	9.555565638738557	1.7886236713341281	11.344189310072686	40.0	1.1255455865583384	1.1030346748271715	-3.0	-3.0	10.0
high	55	sa	2048	256	128	4	32	1.75	14.84375	resolved	117	0.9089082150827917	44.20545731015327	-0.07210055970720054	9.555565638738557	-2.6380839298795964	6.91748170885896	40.0	1.1255455865583384	1.1030346748271715	-3.0	-3.0	10.0
high	56	gbl	2048	256	128	4	32	1.62	30.859375	resolved	128	0.9929087677089238	0.5489978772152855	-92.25358669473468	24.9935063297643	-8.820040374511553	16.173465955252748	40.0	0.9907636102306756	0.9709483380260621	-3.0	-3.0	10.0
high	56	sa	2048	256	128	4	32	1.7	14.453125	resolved	128	0.9929087677089238	0.5489978772152855	-92.25358669473468	24.9935063297643	0.7628625317875292	25.75636886155183	40.0	0.9907636102306756	0.9709483380260621	-3.0	-3.0	10.0
high	57	gbl	2048	256	128	4	32	1.25	17.1875	resolved	134	0.9341690414898902	45.934223993989775	-62.88135256391253	-35.824530813341696	-0.8983381212845615	-36.722868934626256	40.0	0.9178831292081051	0.899525466623943	-3.0	-3.0	10.0
high	57	sa	2048	256	128	4	32	1.75	13.671875	resolved	134	0.9341690414898902	45.934223993989775	-62.88135256391253	-35.824530813341696	6.484297229642204	-29.340233583699494	40.0	0.9178831292081051	0.899525466623943	-3.0	-3.0	10.0
high	58	gbl	2048	256	128	4	32	1.55	14.0625	resolved	130	1.0847487139741785	41.937049773227606	42.48351502355078	-26.710897378295456	3.424844348722111	-23.286053029573345	40.0	1.0338127948072167	1.0131365389110722	-3.0	-3.0	10.0
high	58	sa	2048	256	128	4	32	1.88	69.140625	resolved	130	1.0847487139741785	41.937049773227606	42.48351502355078	-26.710897378295456	7.128228420493979	-19.582668957801477	40.0	1.0338127948072167	1.0131365389110722	-3.0	-3.0	10.0
high	59	gbl	2048	256	128	4	32	1.4	17.578125	resolved	108	0.9677793751617051	24.91111529402245	13.521515945899264	16.565123489962716	-3.3423152738929023	13.222808216069813	40.0	1.0017837693872758	0.9817480939995302	-3.0	-3.0	10.0
high	59	sa	2048	256	128	4	32	1.66	11.328125	resolved	108	0.9677793751617051	24.91111529402245	13.521515945899264	16.565123489962716	-0.06380394500841306	16.501319544954303	40.0	1.0017837693872758	0.9817480939995302	-3.0	-3.0	10.0
high	60	gbl	2048	256	128	4	32	1.4	18.359375	resolved	110	0.8902803451704335	27.19331257616978	-14.650001128710873	13.636327470764646	-1.5983709900265355	12.03795648073811	40.0	0.963210570770459	0.9439463593550498	-3.0	-3.0	10.0
high	60	sa	2048	256	128	4	32	1.82	15.625	resolved	110	0.8902803451704335	27.19331257616978	-14.650001128710873	13.636327470764646	1.089254566344317	14.725582037108964	40.0	0.963210570770459	0.9439463593550498	-3.0	-3.0	10.0
high	61	gbl	2048	256	128	4	32	1.62	12.5	resolved	135	0.9738729361895888	-31.70352230949925	76.41687245234861	-46.316726452294944	-4.264784677448961	-50.5815111297439	40.0	0.897722144745606	0.8797677018506939	-3.0	-3.0	10.0
high	61	sa	2048	256	128	4	32	1.88	75.0	resolved	135	0.9738729361895888	-31.70352230949925	76.41687245234861	-46.316726452294944	-3.6618919956802576	-49.9786184479752	40.0	0.897722144745606	0.8797677018506939	-3.0	-3.0	10.0
high	62	gbl	2048	256	128	4	32	1.62	24.609375	resolved	123	0.9550762152186387	55.781537464870084	-7.302732296501081	20.746125312610452	-1.8794388740523376	18.866686438558116	40.0	0.9980282621343299	0.9780676968916433	-3.0	-3.0	10.0
high	62	sa	2048	256	128	4	32	1.82	15.625	resolved	123	0.9550762152186387	55.781537464870084	-7.302732296501081	20.746125312610452	-4.38420120026758	16.361924112342873	40.0	0.9980282621343299	0.9780676968916433	-3.0	-3.0	10.0
high	63	gbl	2048	256	128	4	32	1.1	18.359375	resolved	127	1.0497747198190936	-73.22777217617265	-17.650252438020374	-12.458348547573516	2.500778291108956	-9.95757025646456	40.0	1.115185134064153	1.0928814313828699	-3.0	-3.0	10.0
high	63	sa	2048	256	128	4	32	1.7	13.671875	resolved	127	1.0497747198190936	-73.22777217617265	-17.650252438020374	-12.458348547573516	-0.6229347028762326	-13.081283250449749	40.0	1.115185134064153	1.0928814313828699	-3.0	-3.0	10.0
