level	let_mev_cm2_mg	sigma_cm2_per_active_read_bit	sigma_ci95_low	sigma_ci95_high	failed_joint_samples	joint_samples	model
high	0.01	1.5625e-11	2.763541923337505e-12	1.39965075793748e-10	1	128	ngspice_Qcrit_plus_RPP_charge_collection
high	0.010995218165011596	1.5625e-11	2.763541923337505e-12	1.39965075793748e-10	1	128	ngspice_Qcrit_plus_RPP_charge_collection
high	0.012089482249620098	1.5625e-11	2.763541923337505e-12	1.39965075793748e-10	1	128	ngspice_Qcrit_plus_RPP_charge_collection
high	0.013292649483660822	1.5625e-11	2.763541923337505e-12	1.39965075793748e-10	1	128	ngspice_Qcrit_plus_RPP_charge_collection
high	0.014615558106387948	1.5625e-11	2.763541923337505e-12	1.39965075793748e-10	1	128	ngspice_Qcrit_plus_RPP_charge_collection
high	0.016070124998313926	1.5625e-11	2.763541923337505e-12	1.39965075793748e-10	1	128	ngspice_Qcrit_plus_RPP_charge_collection
high	0.01766945302954682	1.5625e-11	2.763541923337505e-12	1.39965075793748e-10	1	128	ngspice_Qcrit_plus_RPP_charge_collection
high	0.01942794909162924	1.5625e-11	2.763541923337505e-12	1.39965075793748e-10	1	128	ngspice_Qcrit_plus_RPP_charge_collection
high	0.021361453876120245	1.5625e-11	2.763541923337505e-12	1.39965075793748e-10	1	128	ngspice_Qcrit_plus_RPP_charge_collection
high	0.02348738456897747	1.5625e-11	2.763541923337505e-12	1.39965075793748e-10	1	128	ngspice_Qcrit_plus_RPP_charge_collection
high	0.025824891746143414	1.5625e-11	2.763541923337505e-12	1.39965075793748e-10	1	128	ngspice_Qcrit_plus_RPP_charge_collection
high	0.028395031883665423	1.5625e-11	2.763541923337505e-12	1.39965075793748e-10	1	128	ngspice_Qcrit_plus_RPP_charge_collection
high	0.031220957036336136	1.5625e-11	2.763541923337505e-12	1.39965075793748e-10	1	128	ngspice_Qcrit_plus_RPP_charge_collection
high	0.03432812339349699	1.5625e-11	2.763541923337505e-12	1.39965075793748e-10	1	128	ngspice_Qcrit_plus_RPP_charge_collection
high	0.037744520590693754	1.5625e-11	2.763541923337505e-12	1.39965075793748e-10	1	128	ngspice_Qcrit_plus_RPP_charge_collection
high	0.041500923842845025	1.5625e-11	2.763541923337505e-12	1.39965075793748e-10	1	128	ngspice_Qcrit_plus_RPP_charge_collection
high	0.045631171170161265	1.5625e-11	2.763541923337505e-12	1.39965075793748e-10	1	128	ngspice_Qcrit_plus_RPP_charge_collection
high	0.050172468214091034	1.5625e-11	2.763541923337505e-12	1.39965075793748e-10	1	128	ngspice_Qcrit_plus_RPP_charge_collection
high	0.055165723389104096	1.5625e-11	2.763541923337505e-12	1.39965075793748e-10	1	128	ngspice_Qcrit_plus_RPP_charge_collection
high	0.06065591638938824	1.5625e-11	2.763541923337505e-12	1.39965075793748e-10	1	128	ngspice_Qcrit_plus_RPP_charge_collection
high	0.06669250337000263	1.5625e-11	2.763541923337505e-12	1.39965075793748e-10	1	128	ngspice_Qcrit_plus_RPP_charge_collection
high	0.07332986245239502	1.5625e-11	2.763541923337505e-12	1.39965075793748e-10	1	128	ngspice_Qcrit_plus_RPP_charge_collection
high	0.08062778356743756	1.5625e-11	2.763541923337505e-12	1.39965075793748e-10	1	128	ngspice_Qcrit_plus_RPP_charge_collection
high	0.0886520070485313	1.5625e-11	2.763541923337505e-12	1.39965075793748e-10	1	128	ngspice_Qcrit_plus_RPP_charge_collection
high	0.09747481582647473	1.5625e-11	2.763541923337505e-12	1.39965075793748e-10	1	128	ngspice_Qcrit_plus_RPP_charge_collection
high	0.10717568656064148	1.5625e-11	2.763541923337505e-12	1.39965075793748e-10	1	128	ngspice_Qcrit_plus_RPP_charge_collection
high	0.1178420055719155	1.5625e-11	2.763541923337505e-12	1.39965075793748e-10	1	128	ngspice_Qcrit_plus_RPP_charge_collection
high	0.1295698560265723	1.5625e-11	2.763541923337505e-12	1.39965075793748e-10	1	128	ngspice_Qcrit_plus_RPP_charge_collection
high	0.1424648834621305	1.5625e-11	2.763541923337505e-12	1.39965075793748e-10	1	128	ngspice_Qcrit_plus_RPP_charge_collection
high	0.15664324745190775	1.5625e-11	2.763541923337505e-12	1.39965075793748e-10	1	128	ngspice_Qcrit_plus_RPP_charge_collection
high	0.17223266798096232	1.5625e-11	2.763541923337505e-12	1.39965075793748e-10	1	128	ngspice_Qcrit_plus_RPP_charge_collection
high	0.18937357595926882	3.125e-11	5.52708384667501e-12	1.6668203200188532e-10	2	128	ngspice_Qcrit_plus_RPP_charge_collection
high	0.20822037823605558	3.125e-11	5.52708384667501e-12	1.6668203200188532e-10	2	128	ngspice_Qcrit_plus_RPP_charge_collection
high	0.22894284851066635	3.125e-11	5.52708384667501e-12	1.6668203200188532e-10	2	128	ngspice_Qcrit_plus_RPP_charge_collection
high	0.25172765666939767	4.6875000000000006e-11	1.1375680269509379e-11	1.9031393371052581e-10	3	128	ngspice_Qcrit_plus_RPP_charge_collection
high	0.27678005032471653	6.25e-11	1.883255870963048e-11	2.1233755340187954e-10	4	128	ngspice_Qcrit_plus_RPP_charge_collection
high	0.30432570370431467	6.25e-11	1.883255870963048e-11	2.1233755340187954e-10	4	128	ngspice_Qcrit_plus_RPP_charge_collection
high	0.33461275054496176	7.8125e-11	2.7334743319955524e-11	2.333158669230293e-10	5	128	ngspice_Qcrit_plus_RPP_charge_collection
high	0.3679140193036457	9.375e-11	3.6594718831887964e-11	2.5353638954257174e-10	6	128	ngspice_Qcrit_plus_RPP_charge_collection
high	0.40452949082098744	1.09375e-10	4.244331525472234e-11	2.7716829125121223e-10	7	128	ngspice_Qcrit_plus_RPP_charge_collection
high	0.4447890005757813	1.09375e-10	4.244331525472234e-11	2.7716829125121223e-10	7	128	ngspice_Qcrit_plus_RPP_charge_collection
high	0.48905520987281836	1.25e-10	5.2290390931370253e-11	2.9680171370603913e-10	8	128	ngspice_Qcrit_plus_RPP_charge_collection
high	0.5377268727287171	1.4062500000000002e-10	5.974726937149136e-11	3.1882533339739286e-10	9	128	ngspice_Qcrit_plus_RPP_charge_collection
high	0.5912424278841669	1.5625e-10	7.007015023046095e-11	3.3798295066989813e-10	10	128	ngspice_Qcrit_plus_RPP_charge_collection
high	0.6500839482997554	1.5625e-10	7.007015023046095e-11	3.3798295066989813e-10	10	128	ngspice_Qcrit_plus_RPP_charge_collection
high	0.714781483712793	2.3437500000000003e-10	1.2334862440906446e-10	4.3210696714866864e-10	15	128	ngspice_Qcrit_plus_RPP_charge_collection
high	0.7859178353732842	2.65625e-10	1.4447760863803852e-10	4.699389791826444e-10	17	128	ngspice_Qcrit_plus_RPP_charge_collection
high	0.8641338059702928	2.8125000000000004e-10	1.5432468431468645e-10	4.895724016374713e-10	18	128	ngspice_Qcrit_plus_RPP_charge_collection
high	0.9501339720405169	3.7500000000000005e-10	2.2328468149955002e-10	5.974953932414567e-10	24	128	ngspice_Qcrit_plus_RPP_charge_collection
high	1.0446930308574516	4.53125e-10	2.8361022247171417e-10	6.845723429266667e-10	29	128	ngspice_Qcrit_plus_RPP_charge_collection
high	1.1486627789744865	4.687500000000001e-10	2.956979689340627e-10	7.01965094595793e-10	30	128	ngspice_Qcrit_plus_RPP_charge_collection
high	1.2629797852852982	6.093750000000001e-10	4.1163930238197025e-10	8.513482443311591e-10	39	128	ngspice_Qcrit_plus_RPP_charge_collection
high	1.3886738277211363	7.343750000000001e-10	5.197871126668344e-10	9.790444190980936e-10	47	128	ngspice_Qcrit_plus_RPP_charge_collection
high	1.5268771695835615	8.125e-10	5.895998988322773e-10	1.056634123590025e-09	52	128	ngspice_Qcrit_plus_RPP_charge_collection
high	1.6788347590746675	8.437500000000001e-10	6.178501696885175e-10	1.0873448489967341e-09	54	128	ngspice_Qcrit_plus_RPP_charge_collection
high	1.845915443903066	9.53125e-10	7.180953909060868e-10	1.1934631146994889e-09	61	128	ngspice_Qcrit_plus_RPP_charge_collection
high	2.0296243019878424	1.046875e-09	8.067569196400114e-10	1.2816845747544133e-09	67	128	ngspice_Qcrit_plus_RPP_charge_collection
high	2.231616199336572	1.1250000000000001e-09	8.821729518007552e-10	1.3536710332510433e-09	72	128	ngspice_Qcrit_plus_RPP_charge_collection
high	2.4537106972279603	1.2031250000000002e-09	9.597723742997232e-10	1.42347410140945e-09	77	128	ngspice_Qcrit_plus_RPP_charge_collection
high	2.697908442984415	1.3281250000000001e-09	1.0866233440003938e-09	1.5324671167605779e-09	85	128	ngspice_Qcrit_plus_RPP_charge_collection
high	2.9664091919840407	1.4375e-09	1.2010721487876495e-09	1.624381798893646e-09	92	128	ngspice_Qcrit_plus_RPP_charge_collection
high	3.2616316232560276	1.546875e-09	1.3165285809513438e-09	1.7152888536502755e-09	99	128	ngspice_Qcrit_plus_RPP_charge_collection
high	3.5862351271600956	1.671875e-09	1.455118024478559e-09	1.812543395174859e-09	107	128	ngspice_Qcrit_plus_RPP_charge_collection
high	3.943143761415333	1.734375e-09	1.526732969005551e-09	1.8588504431737662e-09	111	128	ngspice_Qcrit_plus_RPP_charge_collection
high	4.3355725912766045	1.75e-09	1.5458905862780564e-09	1.869173324032736e-09	112	128	ngspice_Qcrit_plus_RPP_charge_collection
high	4.767056651133094	1.7812500000000002e-09	1.5836418090426008e-09	1.8903830975311413e-09	114	128	ngspice_Qcrit_plus_RPP_charge_collection
high	5.241482788417792	1.8125e-09	1.6248406451832931e-09	1.9081452576533985e-09	116	128	ngspice_Qcrit_plus_RPP_charge_collection
high	5.763124676680697	1.84375e-09	1.6652814640791177e-09	1.9266654350205235e-09	118	128	ngspice_Qcrit_plus_RPP_charge_collection
high	6.336681313226615	1.890625e-09	1.7228317087487879e-09	1.9575566847452776e-09	121	128	ngspice_Qcrit_plus_RPP_charge_collection
high	6.967319348107885	1.9218750000000005e-09	1.7666841330769708e-09	1.972665256680045e-09	123	128	ngspice_Qcrit_plus_RPP_charge_collection
high	7.66071962577526	1.9531250000000003e-09	1.814379402806258e-09	1.983930983213707e-09	125	128	ngspice_Qcrit_plus_RPP_charge_collection
high	8.423128358638493	1.9531250000000003e-09	1.814379402806258e-09	1.983930983213707e-09	125	128	ngspice_Qcrit_plus_RPP_charge_collection
high	9.261413393512631	1.9531250000000003e-09	1.814379402806258e-09	1.983930983213707e-09	125	128	ngspice_Qcrit_plus_RPP_charge_collection
high	10.183126077803173	1.96875e-09	1.8364030224976117e-09	1.991387861653828e-09	126	128	ngspice_Qcrit_plus_RPP_charge_collection
high	11.196569282726479	1.96875e-09	1.8364030224976117e-09	1.991387861653828e-09	126	128	ngspice_Qcrit_plus_RPP_charge_collection
high	12.31087219632451	1.96875e-09	1.8364030224976117e-09	1.991387861653828e-09	126	128	ngspice_Qcrit_plus_RPP_charge_collection
high	13.53607256001634	1.96875e-09	1.8364030224976117e-09	1.991387861653828e-09	126	128	ngspice_Qcrit_plus_RPP_charge_collection
high	14.883207089480676	1.96875e-09	1.8364030224976117e-09	1.991387861653828e-09	126	128	ngspice_Qcrit_plus_RPP_charge_collection
high	16.364410894388737	1.96875e-09	1.8364030224976117e-09	1.991387861653828e-09	126	128	ngspice_Qcrit_plus_RPP_charge_collection
high	17.993026792569662	1.984375e-09	1.8600349242062521e-09	1.9972364580766624e-09	127	128	ngspice_Qcrit_plus_RPP_charge_collection
high	19.783725503320237	2e-09	1.8867518804143894e-09	2e-09	128	128	ngspice_Qcrit_plus_RPP_charge_collection
high	21.752637802570973	2e-09	1.8867518804143894e-09	2e-09	128	128	ngspice_Qcrit_plus_RPP_charge_collection
high	23.917499830374645	2e-09	1.8867518804143894e-09	2e-09	128	128	ngspice_Qcrit_plus_RPP_charge_collection
high	26.297812859659718	2e-09	1.8867518804143894e-09	2e-09	128	128	ngspice_Qcrit_plus_RPP_charge_collection
high	28.915018965460593	2e-09	1.8867518804143894e-09	2e-09	128	128	ngspice_Qcrit_plus_RPP_charge_collection
high	31.79269417706873	2e-09	1.8867518804143894e-09	2e-09	128	128	ngspice_Qcrit_plus_RPP_charge_collection
high	34.95676085303643	2e-09	1.8867518804143894e-09	2e-09	128	128	ngspice_Qcrit_plus_RPP_charge_collection
high	38.43572119212726	2e-09	1.8867518804143894e-09	2e-09	128	128	ngspice_Qcrit_plus_RPP_charge_collection
high	42.26091398369991	2e-09	1.8867518804143894e-09	2e-09	128	128	ngspice_Qcrit_plus_RPP_charge_collection
high	46.466796910356955	2e-09	1.8867518804143894e-09	2e-09	128	128	ngspice_Qcrit_plus_RPP_charge_collection
high	51.09125694586618	2e-09	1.8867518804143894e-09	2e-09	128	128	ngspice_Qcrit_plus_RPP_charge_collection
high	56.175951644446236	2e-09	1.8867518804143894e-09	2e-09	128	128	ngspice_Qcrit_plus_RPP_charge_collection
high	61.76668439578286	2e-09	1.8867518804143894e-09	2e-09	128	128	ngspice_Qcrit_plus_RPP_charge_collection
high	67.91381702610504	2e-09	1.8867518804143894e-09	2e-09	128	128	ngspice_Qcrit_plus_RPP_charge_collection
high	74.67272346207035	2e-09	1.8867518804143894e-09	2e-09	128	128	ngspice_Qcrit_plus_RPP_charge_collection
high	82.10428854410439	2e-09	1.8867518804143894e-09	2e-09	128	128	ngspice_Qcrit_plus_RPP_charge_collection
high	90.27545648254898	2e-09	1.8867518804143894e-09	2e-09	128	128	ngspice_Qcrit_plus_RPP_charge_collection
high	99.25983389716369	2e-09	1.8867518804143894e-09	2e-09	128	128	ngspice_Qcrit_plus_RPP_charge_collection
high	109.13835287221285	2e-09	1.8867518804143894e-09	2e-09	128	128	ngspice_Qcrit_plus_RPP_charge_collection
high	120.0	2e-09	1.8867518804143894e-09	2e-09	128	128	ngspice_Qcrit_plus_RPP_charge_collection
low	0.01	0.0	0.0	2.2649623917122138e-11	0	128	ngspice_Qcrit_plus_RPP_charge_collection
low	0.010995218165011596	0.0	0.0	2.2649623917122138e-11	0	128	ngspice_Qcrit_plus_RPP_charge_collection
low	0.012089482249620098	0.0	0.0	2.2649623917122138e-11	0	128	ngspice_Qcrit_plus_RPP_charge_collection
low	0.013292649483660822	0.0	0.0	2.2649623917122138e-11	0	128	ngspice_Qcrit_plus_RPP_charge_collection
low	0.014615558106387948	0.0	0.0	2.2649623917122138e-11	0	128	ngspice_Qcrit_plus_RPP_charge_collection
low	0.016070124998313926	0.0	0.0	2.2649623917122138e-11	0	128	ngspice_Qcrit_plus_RPP_charge_collection
low	0.01766945302954682	0.0	0.0	2.2649623917122138e-11	0	128	ngspice_Qcrit_plus_RPP_charge_collection
low	0.01942794909162924	0.0	0.0	2.2649623917122138e-11	0	128	ngspice_Qcrit_plus_RPP_charge_collection
low	0.021361453876120245	0.0	0.0	2.2649623917122138e-11	0	128	ngspice_Qcrit_plus_RPP_charge_collection
low	0.02348738456897747	0.0	0.0	2.2649623917122138e-11	0	128	ngspice_Qcrit_plus_RPP_charge_collection
low	0.025824891746143414	0.0	0.0	2.2649623917122138e-11	0	128	ngspice_Qcrit_plus_RPP_charge_collection
low	0.028395031883665423	0.0	0.0	2.2649623917122138e-11	0	128	ngspice_Qcrit_plus_RPP_charge_collection
low	0.031220957036336136	0.0	0.0	2.2649623917122138e-11	0	128	ngspice_Qcrit_plus_RPP_charge_collection
low	0.03432812339349699	0.0	0.0	2.2649623917122138e-11	0	128	ngspice_Qcrit_plus_RPP_charge_collection
low	0.037744520590693754	0.0	0.0	2.2649623917122138e-11	0	128	ngspice_Qcrit_plus_RPP_charge_collection
low	0.041500923842845025	0.0	0.0	2.2649623917122138e-11	0	128	ngspice_Qcrit_plus_RPP_charge_collection
low	0.045631171170161265	0.0	0.0	2.2649623917122138e-11	0	128	ngspice_Qcrit_plus_RPP_charge_collection
low	0.050172468214091034	0.0	0.0	2.2649623917122138e-11	0	128	ngspice_Qcrit_plus_RPP_charge_collection
low	0.055165723389104096	0.0	0.0	2.2649623917122138e-11	0	128	ngspice_Qcrit_plus_RPP_charge_collection
low	0.06065591638938824	0.0	0.0	2.2649623917122138e-11	0	128	ngspice_Qcrit_plus_RPP_charge_collection
low	0.06669250337000263	0.0	0.0	2.2649623917122138e-11	0	128	ngspice_Qcrit_plus_RPP_charge_collection
low	0.07332986245239502	0.0	0.0	2.2649623917122138e-11	0	128	ngspice_Qcrit_plus_RPP_charge_collection
low	0.08062778356743756	0.0	0.0	2.2649623917122138e-11	0	128	ngspice_Qcrit_plus_RPP_charge_collection
low	0.0886520070485313	0.0	0.0	2.2649623917122138e-11	0	128	ngspice_Qcrit_plus_RPP_charge_collection
low	0.09747481582647473	0.0	0.0	2.2649623917122138e-11	0	128	ngspice_Qcrit_plus_RPP_charge_collection
low	0.10717568656064148	0.0	0.0	2.2649623917122138e-11	0	128	ngspice_Qcrit_plus_RPP_charge_collection
low	0.1178420055719155	0.0	0.0	2.2649623917122138e-11	0	128	ngspice_Qcrit_plus_RPP_charge_collection
low	0.1295698560265723	0.0	0.0	2.2649623917122138e-11	0	128	ngspice_Qcrit_plus_RPP_charge_collection
low	0.1424648834621305	0.0	0.0	2.2649623917122138e-11	0	128	ngspice_Qcrit_plus_RPP_charge_collection
low	0.15664324745190775	0.0	0.0	2.2649623917122138e-11	0	128	ngspice_Qcrit_plus_RPP_charge_collection
low	0.17223266798096232	0.0	0.0	2.2649623917122138e-11	0	128	ngspice_Qcrit_plus_RPP_charge_collection
low	0.18937357595926882	0.0	0.0	2.2649623917122138e-11	0	128	ngspice_Qcrit_plus_RPP_charge_collection
low	0.20822037823605558	0.0	0.0	2.2649623917122138e-11	0	128	ngspice_Qcrit_plus_RPP_charge_collection
low	0.22894284851066635	0.0	0.0	2.2649623917122138e-11	0	128	ngspice_Qcrit_plus_RPP_charge_collection
low	0.25172765666939767	0.0	0.0	2.2649623917122138e-11	0	128	ngspice_Qcrit_plus_RPP_charge_collection
low	0.27678005032471653	0.0	0.0	2.2649623917122138e-11	0	128	ngspice_Qcrit_plus_RPP_charge_collection
low	0.30432570370431467	0.0	0.0	2.2649623917122138e-11	0	128	ngspice_Qcrit_plus_RPP_charge_collection
low	0.33461275054496176	0.0	0.0	2.2649623917122138e-11	0	128	ngspice_Qcrit_plus_RPP_charge_collection
low	0.3679140193036457	0.0	0.0	2.2649623917122138e-11	0	128	ngspice_Qcrit_plus_RPP_charge_collection
low	0.40452949082098744	0.0	0.0	2.2649623917122138e-11	0	128	ngspice_Qcrit_plus_RPP_charge_collection
low	0.4447890005757813	0.0	0.0	2.2649623917122138e-11	0	128	ngspice_Qcrit_plus_RPP_charge_collection
low	0.48905520987281836	0.0	0.0	2.2649623917122138e-11	0	128	ngspice_Qcrit_plus_RPP_charge_collection
low	0.5377268727287171	0.0	0.0	2.2649623917122138e-11	0	128	ngspice_Qcrit_plus_RPP_charge_collection
low	0.5912424278841669	0.0	0.0	2.2649623917122138e-11	0	128	ngspice_Qcrit_plus_RPP_charge_collection
low	0.6500839482997554	0.0	0.0	2.2649623917122138e-11	0	128	ngspice_Qcrit_plus_RPP_charge_collection
low	0.714781483712793	0.0	0.0	2.2649623917122138e-11	0	128	ngspice_Qcrit_plus_RPP_charge_collection
low	0.7859178353732842	0.0	0.0	2.2649623917122138e-11	0	128	ngspice_Qcrit_plus_RPP_charge_collection
low	0.8641338059702928	0.0	0.0	2.2649623917122138e-11	0	128	ngspice_Qcrit_plus_RPP_charge_collection
low	0.9501339720405169	0.0	0.0	2.2649623917122138e-11	0	128	ngspice_Qcrit_plus_RPP_charge_collection
low	1.0446930308574516	0.0	0.0	2.2649623917122138e-11	0	128	ngspice_Qcrit_plus_RPP_charge_collection
low	1.1486627789744865	0.0	0.0	2.2649623917122138e-11	0	128	ngspice_Qcrit_plus_RPP_charge_collection
low	1.2629797852852982	0.0	0.0	2.2649623917122138e-11	0	128	ngspice_Qcrit_plus_RPP_charge_collection
low	1.3886738277211363	0.0	0.0	2.2649623917122138e-11	0	128	ngspice_Qcrit_plus_RPP_charge_collection
low	1.5268771695835615	0.0	0.0	2.2649623917122138e-11	0	128	ngspice_Qcrit_plus_RPP_charge_collection
low	1.6788347590746675	0.0	0.0	2.2649623917122138e-11	0	128	ngspice_Qcrit_plus_RPP_charge_collection
low	1.845915443903066	0.0	0.0	2.2649623917122138e-11	0	128	ngspice_Qcrit_plus_RPP_charge_collection
low	2.0296243019878424	0.0	0.0	2.2649623917122138e-11	0	128	ngspice_Qcrit_plus_RPP_charge_collection
low	2.231616199336572	0.0	0.0	2.2649623917122138e-11	0	128	ngspice_Qcrit_plus_RPP_charge_collection
low	2.4537106972279603	0.0	0.0	2.2649623917122138e-11	0	128	ngspice_Qcrit_plus_RPP_charge_collection
low	2.697908442984415	0.0	0.0	2.2649623917122138e-11	0	128	ngspice_Qcrit_plus_RPP_charge_collection
low	2.9664091919840407	0.0	0.0	2.2649623917122138e-11	0	128	ngspice_Qcrit_plus_RPP_charge_collection
low	3.2616316232560276	0.0	0.0	2.2649623917122138e-11	0	128	ngspice_Qcrit_plus_RPP_charge_collection
low	3.5862351271600956	0.0	0.0	2.2649623917122138e-11	0	128	ngspice_Qcrit_plus_RPP_charge_collection
low	3.943143761415333	0.0	0.0	2.2649623917122138e-11	0	128	ngspice_Qcrit_plus_RPP_charge_collection
low	4.3355725912766045	0.0	0.0	2.2649623917122138e-11	0	128	ngspice_Qcrit_plus_RPP_charge_collection
low	4.767056651133094	0.0	0.0	2.2649623917122138e-11	0	128	ngspice_Qcrit_plus_RPP_charge_collection
low	5.241482788417792	3.125e-12	5.52708384667501e-13	2.7993015158749602e-11	1	128	ngspice_Qcrit_plus_RPP_charge_collection
low	5.763124676680697	3.125e-12	5.52708384667501e-13	2.7993015158749602e-11	1	128	ngspice_Qcrit_plus_RPP_charge_collection
low	6.336681313226615	3.125e-12	5.52708384667501e-13	2.7993015158749602e-11	1	128	ngspice_Qcrit_plus_RPP_charge_collection
low	6.967319348107885	6.25e-12	1.7224276692343749e-12	3.27193955004777e-11	2	128	ngspice_Qcrit_plus_RPP_charge_collection
low	7.66071962577526	6.25e-12	1.7224276692343749e-12	3.27193955004777e-11	2	128	ngspice_Qcrit_plus_RPP_charge_collection
low	8.423128358638493	9.375e-12	3.213803357258595e-12	3.7124119438748445e-11	3	128	ngspice_Qcrit_plus_RPP_charge_collection
low	9.261413393512631	1.25e-11	4.914240279323604e-12	4.131978214297839e-11	4	128	ngspice_Qcrit_plus_RPP_charge_collection
low	10.183126077803173	1.5625e-11	6.7662353817100926e-12	4.536388666688688e-11	5	128	ngspice_Qcrit_plus_RPP_charge_collection
low	11.196569282726479	1.5625e-11	6.7662353817100926e-12	4.536388666688688e-11	5	128	ngspice_Qcrit_plus_RPP_charge_collection
low	12.31087219632451	2.8125e-11	1.515714511206172e-11	6.055737544171512e-11	9	128	ngspice_Qcrit_plus_RPP_charge_collection
low	13.53607256001634	2.8125e-11	1.515714511206172e-11	6.055737544171512e-11	9	128	ngspice_Qcrit_plus_RPP_charge_collection
low	14.883207089480676	3.4375000000000004e-11	1.975548460248929e-11	6.775123520387747e-11	11	128	ngspice_Qcrit_plus_RPP_charge_collection
low	16.364410894388737	3.75e-11	2.2129286345897613e-11	7.127353308676413e-11	12	128	ngspice_Qcrit_plus_RPP_charge_collection
low	17.993026792569662	4.0625e-11	2.2681994730565113e-11	7.661692432839159e-11	13	128	ngspice_Qcrit_plus_RPP_charge_collection
low	19.783725503320237	4.6875e-11	2.626926330760168e-11	8.482185500394496e-11	15	128	ngspice_Qcrit_plus_RPP_charge_collection
low	21.752637802570973	6.25e-11	3.626602656955837e-11	1.043055898734631e-10	20	128	ngspice_Qcrit_plus_RPP_charge_collection
low	23.917499830374645	7.8125e-11	4.9228368460674185e-11	1.208237461138221e-10	25	128	ngspice_Qcrit_plus_RPP_charge_collection
low	26.297812859659718	1.09375e-10	7.27060909288011e-11	1.5630701990864487e-10	35	128	ngspice_Qcrit_plus_RPP_charge_collection
low	28.915018965460593	1.3437500000000001e-10	9.376941801063213e-11	1.8241248983717358e-10	43	128	ngspice_Qcrit_plus_RPP_charge_collection
low	31.79269417706873	1.5e-10	1.0705015248777027e-10	1.9861225349151028e-10	48	128	ngspice_Qcrit_plus_RPP_charge_collection
low	34.95676085303643	1.8125000000000002e-10	1.3511800798733326e-10	2.2950539425489698e-10	58	128	ngspice_Qcrit_plus_RPP_charge_collection
low	38.43572119212726	2.1250000000000002e-10	1.643103973972685e-10	2.5927400110791145e-10	68	128	ngspice_Qcrit_plus_RPP_charge_collection
low	42.26091398369991	2.4062500000000004e-10	1.9195447485994465e-10	2.8469482028188996e-10	77	128	ngspice_Qcrit_plus_RPP_charge_collection
low	46.466796910356955	2.75e-10	2.2686820445066962e-10	3.1463818658040956e-10	88	128	ngspice_Qcrit_plus_RPP_charge_collection
low	51.09125694586618	3e-10	2.539511568747388e-10	3.347240311667001e-10	96	128	ngspice_Qcrit_plus_RPP_charge_collection
low	56.175951644446236	3.1875e-10	2.7524956939521253e-10	3.488022164039962e-10	102	128	ngspice_Qcrit_plus_RPP_charge_collection
low	61.76668439578286	3.375e-10	2.9637247689824327e-10	3.630559066587352e-10	108	128	ngspice_Qcrit_plus_RPP_charge_collection
low	67.91381702610504	3.46875e-10	3.083389012929461e-10	3.6877778114291734e-10	111	128	ngspice_Qcrit_plus_RPP_charge_collection
low	74.67272346207035	3.46875e-10	3.083389012929461e-10	3.6877778114291734e-10	111	128	ngspice_Qcrit_plus_RPP_charge_collection
low	82.10428854410439	3.5625e-10	3.1990452533778313e-10	3.7490045597696516e-10	114	128	ngspice_Qcrit_plus_RPP_charge_collection
low	90.27545648254898	3.6250000000000004e-10	3.287264669132359e-10	3.7787071365410243e-10	116	128	ngspice_Qcrit_plus_RPP_charge_collection
low	99.25983389716369	3.6250000000000004e-10	3.287264669132359e-10	3.7787071365410243e-10	116	128	ngspice_Qcrit_plus_RPP_charge_collection
low	109.13835287221285	3.6875e-10	3.3581906449634136e-10	3.825703153235868e-10	118	128	ngspice_Qcrit_plus_RPP_charge_collection
low	120.0	3.7500000000000005e-10	3.4312606439917905e-10	3.870555146733391e-10	120	128	ngspice_Qcrit_plus_RPP_charge_collection
nominal	0.01	0.0	0.0	4.5299247834244276e-11	0	128	ngspice_Qcrit_plus_RPP_charge_collection
nominal	0.010995218165011596	0.0	0.0	4.5299247834244276e-11	0	128	ngspice_Qcrit_plus_RPP_charge_collection
nominal	0.012089482249620098	0.0	0.0	4.5299247834244276e-11	0	128	ngspice_Qcrit_plus_RPP_charge_collection
nominal	0.013292649483660822	0.0	0.0	4.5299247834244276e-11	0	128	ngspice_Qcrit_plus_RPP_charge_collection
nominal	0.014615558106387948	0.0	0.0	4.5299247834244276e-11	0	128	ngspice_Qcrit_plus_RPP_charge_collection
nominal	0.016070124998313926	0.0	0.0	4.5299247834244276e-11	0	128	ngspice_Qcrit_plus_RPP_charge_collection
nominal	0.01766945302954682	0.0	0.0	4.5299247834244276e-11	0	128	ngspice_Qcrit_plus_RPP_charge_collection
nominal	0.01942794909162924	0.0	0.0	4.5299247834244276e-11	0	128	ngspice_Qcrit_plus_RPP_charge_collection
nominal	0.021361453876120245	0.0	0.0	4.5299247834244276e-11	0	128	ngspice_Qcrit_plus_RPP_charge_collection
nominal	0.02348738456897747	0.0	0.0	4.5299247834244276e-11	0	128	ngspice_Qcrit_plus_RPP_charge_collection
nominal	0.025824891746143414	0.0	0.0	4.5299247834244276e-11	0	128	ngspice_Qcrit_plus_RPP_charge_collection
nominal	0.028395031883665423	0.0	0.0	4.5299247834244276e-11	0	128	ngspice_Qcrit_plus_RPP_charge_collection
nominal	0.031220957036336136	0.0	0.0	4.5299247834244276e-11	0	128	ngspice_Qcrit_plus_RPP_charge_collection
nominal	0.03432812339349699	0.0	0.0	4.5299247834244276e-11	0	128	ngspice_Qcrit_plus_RPP_charge_collection
nominal	0.037744520590693754	0.0	0.0	4.5299247834244276e-11	0	128	ngspice_Qcrit_plus_RPP_charge_collection
nominal	0.041500923842845025	0.0	0.0	4.5299247834244276e-11	0	128	ngspice_Qcrit_plus_RPP_charge_collection
nominal	0.045631171170161265	0.0	0.0	4.5299247834244276e-11	0	128	ngspice_Qcrit_plus_RPP_charge_collection
nominal	0.050172468214091034	0.0	0.0	4.5299247834244276e-11	0	128	ngspice_Qcrit_plus_RPP_charge_collection
nominal	0.055165723389104096	0.0	0.0	4.5299247834244276e-11	0	128	ngspice_Qcrit_plus_RPP_charge_collection
nominal	0.06065591638938824	0.0	0.0	4.5299247834244276e-11	0	128	ngspice_Qcrit_plus_RPP_charge_collection
nominal	0.06669250337000263	0.0	0.0	4.5299247834244276e-11	0	128	ngspice_Qcrit_plus_RPP_charge_collection
nominal	0.07332986245239502	0.0	0.0	4.5299247834244276e-11	0	128	ngspice_Qcrit_plus_RPP_charge_collection
nominal	0.08062778356743756	0.0	0.0	4.5299247834244276e-11	0	128	ngspice_Qcrit_plus_RPP_charge_collection
nominal	0.0886520070485313	0.0	0.0	4.5299247834244276e-11	0	128	ngspice_Qcrit_plus_RPP_charge_collection
nominal	0.09747481582647473	0.0	0.0	4.5299247834244276e-11	0	128	ngspice_Qcrit_plus_RPP_charge_collection
nominal	0.10717568656064148	0.0	0.0	4.5299247834244276e-11	0	128	ngspice_Qcrit_plus_RPP_charge_collection
nominal	0.1178420055719155	0.0	0.0	4.5299247834244276e-11	0	128	ngspice_Qcrit_plus_RPP_charge_collection
nominal	0.1295698560265723	0.0	0.0	4.5299247834244276e-11	0	128	ngspice_Qcrit_plus_RPP_charge_collection
nominal	0.1424648834621305	0.0	0.0	4.5299247834244276e-11	0	128	ngspice_Qcrit_plus_RPP_charge_collection
nominal	0.15664324745190775	0.0	0.0	4.5299247834244276e-11	0	128	ngspice_Qcrit_plus_RPP_charge_collection
nominal	0.17223266798096232	0.0	0.0	4.5299247834244276e-11	0	128	ngspice_Qcrit_plus_RPP_charge_collection
nominal	0.18937357595926882	0.0	0.0	4.5299247834244276e-11	0	128	ngspice_Qcrit_plus_RPP_charge_collection
nominal	0.20822037823605558	0.0	0.0	4.5299247834244276e-11	0	128	ngspice_Qcrit_plus_RPP_charge_collection
nominal	0.22894284851066635	0.0	0.0	4.5299247834244276e-11	0	128	ngspice_Qcrit_plus_RPP_charge_collection
nominal	0.25172765666939767	0.0	0.0	4.5299247834244276e-11	0	128	ngspice_Qcrit_plus_RPP_charge_collection
nominal	0.27678005032471653	0.0	0.0	4.5299247834244276e-11	0	128	ngspice_Qcrit_plus_RPP_charge_collection
nominal	0.30432570370431467	0.0	0.0	4.5299247834244276e-11	0	128	ngspice_Qcrit_plus_RPP_charge_collection
nominal	0.33461275054496176	0.0	0.0	4.5299247834244276e-11	0	128	ngspice_Qcrit_plus_RPP_charge_collection
nominal	0.3679140193036457	0.0	0.0	4.5299247834244276e-11	0	128	ngspice_Qcrit_plus_RPP_charge_collection
nominal	0.40452949082098744	0.0	0.0	4.5299247834244276e-11	0	128	ngspice_Qcrit_plus_RPP_charge_collection
nominal	0.4447890005757813	0.0	0.0	4.5299247834244276e-11	0	128	ngspice_Qcrit_plus_RPP_charge_collection
nominal	0.48905520987281836	0.0	0.0	4.5299247834244276e-11	0	128	ngspice_Qcrit_plus_RPP_charge_collection
nominal	0.5377268727287171	0.0	0.0	4.5299247834244276e-11	0	128	ngspice_Qcrit_plus_RPP_charge_collection
nominal	0.5912424278841669	0.0	0.0	4.5299247834244276e-11	0	128	ngspice_Qcrit_plus_RPP_charge_collection
nominal	0.6500839482997554	0.0	0.0	4.5299247834244276e-11	0	128	ngspice_Qcrit_plus_RPP_charge_collection
nominal	0.714781483712793	0.0	0.0	4.5299247834244276e-11	0	128	ngspice_Qcrit_plus_RPP_charge_collection
nominal	0.7859178353732842	0.0	0.0	4.5299247834244276e-11	0	128	ngspice_Qcrit_plus_RPP_charge_collection
nominal	0.8641338059702928	0.0	0.0	4.5299247834244276e-11	0	128	ngspice_Qcrit_plus_RPP_charge_collection
nominal	0.9501339720405169	0.0	0.0	4.5299247834244276e-11	0	128	ngspice_Qcrit_plus_RPP_charge_collection
nominal	1.0446930308574516	0.0	0.0	4.5299247834244276e-11	0	128	ngspice_Qcrit_plus_RPP_charge_collection
nominal	1.1486627789744865	0.0	0.0	4.5299247834244276e-11	0	128	ngspice_Qcrit_plus_RPP_charge_collection
nominal	1.2629797852852982	6.25e-12	1.105416769335002e-12	5.5986030317499204e-11	1	128	ngspice_Qcrit_plus_RPP_charge_collection
nominal	1.3886738277211363	1.25e-11	3.4448553384687497e-12	6.54387910009554e-11	2	128	ngspice_Qcrit_plus_RPP_charge_collection
nominal	1.5268771695835615	1.25e-11	3.4448553384687497e-12	6.54387910009554e-11	2	128	ngspice_Qcrit_plus_RPP_charge_collection
nominal	1.6788347590746675	2.5e-11	7.533023483852191e-12	8.493502136075181e-11	4	128	ngspice_Qcrit_plus_RPP_charge_collection
nominal	1.845915443903066	3.75e-11	1.4637887532755188e-11	1.0141455581702869e-10	6	128	ngspice_Qcrit_plus_RPP_charge_collection
nominal	2.0296243019878424	3.75e-11	1.4637887532755188e-11	1.0141455581702869e-10	6	128	ngspice_Qcrit_plus_RPP_charge_collection
nominal	2.231616199336572	4.375e-11	1.8576717803414354e-11	1.0926792479895945e-10	7	128	ngspice_Qcrit_plus_RPP_charge_collection
nominal	2.4537106972279603	5e-11	2.2705870147002195e-11	1.1693097170796155e-10	8	128	ngspice_Qcrit_plus_RPP_charge_collection
nominal	2.697908442984415	5.625e-11	2.6994387422656818e-11	1.2443465368489686e-10	9	128	ngspice_Qcrit_plus_RPP_charge_collection
nominal	2.9664091919840407	6.25e-11	3.141970699345844e-11	1.3180153336668516e-10	10	128	ngspice_Qcrit_plus_RPP_charge_collection
nominal	3.2616316232560276	6.25e-11	3.141970699345844e-11	1.3180153336668516e-10	10	128	ngspice_Qcrit_plus_RPP_charge_collection
nominal	3.5862351271600956	6.875000000000001e-11	3.596478612216134e-11	1.3904865349057217e-10	11	128	ngspice_Qcrit_plus_RPP_charge_collection
nominal	3.943143761415333	8.750000000000001e-11	5.019908804606961e-11	1.6019094932443372e-10	14	128	ngspice_Qcrit_plus_RPP_charge_collection
nominal	4.3355725912766045	1.125e-10	6.542718909021375e-11	1.9213164529064935e-10	18	128	ngspice_Qcrit_plus_RPP_charge_collection
nominal	4.767056651133094	1.3125e-10	7.901399685553766e-11	2.139214352830952e-10	21	128	ngspice_Qcrit_plus_RPP_charge_collection
nominal	5.241482788417792	1.4375e-10	8.66568173309698e-11	2.2986301331284293e-10	23	128	ngspice_Qcrit_plus_RPP_charge_collection
nominal	5.763124676680697	1.6875e-10	1.0468777955903479e-10	2.590008480951377e-10	27	128	ngspice_Qcrit_plus_RPP_charge_collection
nominal	6.336681313226615	1.6875e-10	1.0468777955903479e-10	2.590008480951377e-10	27	128	ngspice_Qcrit_plus_RPP_charge_collection
nominal	6.967319348107885	2.3125e-10	1.5399409463707052e-10	3.2761652554300135e-10	37	128	ngspice_Qcrit_plus_RPP_charge_collection
nominal	7.66071962577526	2.875e-10	2.0235648902907198e-10	3.8538392442430926e-10	46	128	ngspice_Qcrit_plus_RPP_charge_collection
nominal	8.423128358638493	3.375e-10	2.47140067875407e-10	4.349379395986937e-10	54	128	ngspice_Qcrit_plus_RPP_charge_collection
nominal	9.261413393512631	3.8750000000000006e-10	2.934643870234964e-10	4.829512144713238e-10	62	128	ngspice_Qcrit_plus_RPP_charge_collection
nominal	10.183126077803173	4.375e-10	3.413018781828204e-10	5.294513173327193e-10	70	128	ngspice_Qcrit_plus_RPP_charge_collection
nominal	11.196569282726479	5.1875e-10	4.230292830455377e-10	6.010225027536711e-10	83	128	ngspice_Qcrit_plus_RPP_charge_collection
nominal	12.31087219632451	5.375000000000001e-10	4.4343984595615984e-10	6.159885376008186e-10	86	128	ngspice_Qcrit_plus_RPP_charge_collection
nominal	13.53607256001634	5.875000000000001e-10	4.963025445547817e-10	6.574634330229163e-10	94	128	ngspice_Qcrit_plus_RPP_charge_collection
nominal	14.883207089480676	6.125000000000001e-10	5.22516313555153e-10	6.784184610329049e-10	98	128	ngspice_Qcrit_plus_RPP_charge_collection
nominal	16.364410894388737	6.4375e-10	5.583525077723558e-10	7.015432630786517e-10	103	128	ngspice_Qcrit_plus_RPP_charge_collection
nominal	17.993026792569662	6.4375e-10	5.583525077723558e-10	7.015432630786517e-10	103	128	ngspice_Qcrit_plus_RPP_charge_collection
nominal	19.783725503320237	6.75e-10	5.966751117873371e-10	7.221816553266199e-10	108	128	ngspice_Qcrit_plus_RPP_charge_collection
nominal	21.752637802570973	6.875e-10	6.09945727081488e-10	7.32495438537649e-10	110	128	ngspice_Qcrit_plus_RPP_charge_collection
nominal	23.917499830374645	7.000000000000001e-10	6.234796970896636e-10	7.425458670346533e-10	112	128	ngspice_Qcrit_plus_RPP_charge_collection
nominal	26.297812859659718	7.250000000000001e-10	6.538107471089901e-10	7.593836140256865e-10	116	128	ngspice_Qcrit_plus_RPP_charge_collection
nominal	28.915018965460593	7.3125e-10	6.609513465094278e-10	7.640352138778386e-10	117	128	ngspice_Qcrit_plus_RPP_charge_collection
nominal	31.79269417706873	7.4375e-10	6.788852491165697e-10	7.696857097758766e-10	119	128	ngspice_Qcrit_plus_RPP_charge_collection
nominal	34.95676085303643	7.500000000000001e-10	6.862521287983581e-10	7.741110293466782e-10	120	128	ngspice_Qcrit_plus_RPP_charge_collection
nominal	38.43572119212726	7.625e-10	7.014188576842955e-10	7.825286989659206e-10	122	128	ngspice_Qcrit_plus_RPP_charge_collection
nominal	42.26091398369991	7.75e-10	7.173604357140433e-10	7.901715194413527e-10	124	128	ngspice_Qcrit_plus_RPP_charge_collection
nominal	46.466796910356955	7.875e-10	7.345612089990447e-10	7.965551446615313e-10	126	128	ngspice_Qcrit_plus_RPP_charge_collection
nominal	51.09125694586618	7.875e-10	7.345612089990447e-10	7.965551446615313e-10	126	128	ngspice_Qcrit_plus_RPP_charge_collection
nominal	56.175951644446236	7.937500000000001e-10	7.440139696825008e-10	7.98894583230665e-10	127	128	ngspice_Qcrit_plus_RPP_charge_collection
nominal	61.76668439578286	7.937500000000001e-10	7.440139696825008e-10	7.98894583230665e-10	127	128	ngspice_Qcrit_plus_RPP_charge_collection
nominal	67.91381702610504	8e-10	7.547007521657557e-10	8e-10	128	128	ngspice_Qcrit_plus_RPP_charge_collection
nominal	74.67272346207035	8e-10	7.547007521657557e-10	8e-10	128	128	ngspice_Qcrit_plus_RPP_charge_collection
nominal	82.10428854410439	8e-10	7.547007521657557e-10	8e-10	128	128	ngspice_Qcrit_plus_RPP_charge_collection
nominal	90.27545648254898	8e-10	7.547007521657557e-10	8e-10	128	128	ngspice_Qcrit_plus_RPP_charge_collection
nominal	99.25983389716369	8e-10	7.547007521657557e-10	8e-10	128	128	ngspice_Qcrit_plus_RPP_charge_collection
nominal	109.13835287221285	8e-10	7.547007521657557e-10	8e-10	128	128	ngspice_Qcrit_plus_RPP_charge_collection
nominal	120.0	8e-10	7.547007521657557e-10	8e-10	128	128	ngspice_Qcrit_plus_RPP_charge_collection
