level	proton_energy_mev	sigma_cm2_per_active_read_bit	sigma_ci95_low	sigma_ci95_high	failed_joint_samples	joint_samples	model
high	0.5	1.5625e-11	2.763541923337505e-12	1.39965075793748e-10	1	128	ngspice_Qcrit_plus_RPP_proton_LET_proxy
high	0.5830281060297255	1.5625e-11	2.763541923337505e-12	1.39965075793748e-10	1	128	ngspice_Qcrit_plus_RPP_proton_LET_proxy
high	0.6798435448412177	1.5625e-11	2.763541923337505e-12	1.39965075793748e-10	1	128	ngspice_Qcrit_plus_RPP_proton_LET_proxy
high	0.7927357886906198	1.5625e-11	2.763541923337505e-12	1.39965075793748e-10	1	128	ngspice_Qcrit_plus_RPP_proton_LET_proxy
high	0.9243744909245456	1.5625e-11	2.763541923337505e-12	1.39965075793748e-10	1	128	ngspice_Qcrit_plus_RPP_proton_LET_proxy
high	1.077872617411859	1.5625e-11	2.763541923337505e-12	1.39965075793748e-10	1	128	ngspice_Qcrit_plus_RPP_proton_LET_proxy
high	1.256860061341878	1.5625e-11	2.763541923337505e-12	1.39965075793748e-10	1	128	ngspice_Qcrit_plus_RPP_proton_LET_proxy
high	1.4655694822171197	1.5625e-11	2.763541923337505e-12	1.39965075793748e-10	1	128	ngspice_Qcrit_plus_RPP_proton_LET_proxy
high	1.7089363989440256	1.5625e-11	2.763541923337505e-12	1.39965075793748e-10	1	128	ngspice_Qcrit_plus_RPP_proton_LET_proxy
high	1.9927159040031892	1.5625e-11	2.763541923337505e-12	1.39965075793748e-10	1	128	ngspice_Qcrit_plus_RPP_proton_LET_proxy
high	2.3236187587325836	1.5625e-11	2.763541923337505e-12	1.39965075793748e-10	1	128	ngspice_Qcrit_plus_RPP_proton_LET_proxy
high	2.709470088078	1.5625e-11	2.763541923337505e-12	1.39965075793748e-10	1	128	ngspice_Qcrit_plus_RPP_proton_LET_proxy
high	3.159394427592619	1.5625e-11	2.763541923337505e-12	1.39965075793748e-10	1	128	ngspice_Qcrit_plus_RPP_proton_LET_proxy
high	3.6840314986403864	1.5625e-11	2.763541923337505e-12	1.39965075793748e-10	1	128	ngspice_Qcrit_plus_RPP_proton_LET_proxy
high	4.295787814412312	1.5625e-11	2.763541923337505e-12	1.39965075793748e-10	1	128	ngspice_Qcrit_plus_RPP_proton_LET_proxy
high	5.009130066684769	1.5625e-11	2.763541923337505e-12	1.39965075793748e-10	1	128	ngspice_Qcrit_plus_RPP_proton_LET_proxy
high	5.840927231271547	1.5625e-11	2.763541923337505e-12	1.39965075793748e-10	1	128	ngspice_Qcrit_plus_RPP_proton_LET_proxy
high	6.810849482211396	1.5625e-11	2.763541923337505e-12	1.39965075793748e-10	1	128	ngspice_Qcrit_plus_RPP_proton_LET_proxy
high	7.9418333481344945	1.5625e-11	2.763541923337505e-12	1.39965075793748e-10	1	128	ngspice_Qcrit_plus_RPP_proton_LET_proxy
high	9.260624110733136	1.5625e-11	2.763541923337505e-12	1.39965075793748e-10	1	128	ngspice_Qcrit_plus_RPP_proton_LET_proxy
high	10.798408271867904	1.5625e-11	2.763541923337505e-12	1.39965075793748e-10	1	128	ngspice_Qcrit_plus_RPP_proton_LET_proxy
high	12.59155104576573	1.5625e-11	2.763541923337505e-12	1.39965075793748e-10	1	128	ngspice_Qcrit_plus_RPP_proton_LET_proxy
high	14.682456316378808	1.5625e-11	2.763541923337505e-12	1.39965075793748e-10	1	128	ngspice_Qcrit_plus_RPP_proton_LET_proxy
high	17.120569396005035	1.5625e-11	2.763541923337505e-12	1.39965075793748e-10	1	128	ngspice_Qcrit_plus_RPP_proton_LET_proxy
high	19.963546298206584	1.5625e-11	2.763541923337505e-12	1.39965075793748e-10	1	128	ngspice_Qcrit_plus_RPP_proton_LET_proxy
high	23.278617175760242	1.5625e-11	2.763541923337505e-12	1.39965075793748e-10	1	128	ngspice_Qcrit_plus_RPP_proton_LET_proxy
high	27.144176165949066	1.5625e-11	2.763541923337505e-12	1.39965075793748e-10	1	128	ngspice_Qcrit_plus_RPP_proton_LET_proxy
high	31.651635239541	1.5625e-11	2.763541923337505e-12	1.39965075793748e-10	1	128	ngspice_Qcrit_plus_RPP_proton_LET_proxy
high	36.90758589290662	1.5625e-11	2.763541923337505e-12	1.39965075793748e-10	1	128	ngspice_Qcrit_plus_RPP_proton_LET_proxy
high	43.03631980254152	1.5625e-11	2.763541923337505e-12	1.39965075793748e-10	1	128	ngspice_Qcrit_plus_RPP_proton_LET_proxy
high	50.18276804993071	1.5625e-11	2.763541923337505e-12	1.39965075793748e-10	1	128	ngspice_Qcrit_plus_RPP_proton_LET_proxy
high	58.51592842296028	1.5625e-11	2.763541923337505e-12	1.39965075793748e-10	1	128	ngspice_Qcrit_plus_RPP_proton_LET_proxy
high	68.23286184201899	1.5625e-11	2.763541923337505e-12	1.39965075793748e-10	1	128	ngspice_Qcrit_plus_RPP_proton_LET_proxy
high	79.56335241748049	1.5625e-11	2.763541923337505e-12	1.39965075793748e-10	1	128	ngspice_Qcrit_plus_RPP_proton_LET_proxy
high	92.77534133867852	1.5625e-11	2.763541923337505e-12	1.39965075793748e-10	1	128	ngspice_Qcrit_plus_RPP_proton_LET_proxy
high	108.18126309390202	1.5625e-11	2.763541923337505e-12	1.39965075793748e-10	1	128	ngspice_Qcrit_plus_RPP_proton_LET_proxy
high	126.14543385908233	1.5625e-11	2.763541923337505e-12	1.39965075793748e-10	1	128	ngspice_Qcrit_plus_RPP_proton_LET_proxy
high	147.09266677431748	1.5625e-11	2.763541923337505e-12	1.39965075793748e-10	1	128	ngspice_Qcrit_plus_RPP_proton_LET_proxy
high	171.51831784058382	1.5625e-11	2.763541923337505e-12	1.39965075793748e-10	1	128	ngspice_Qcrit_plus_RPP_proton_LET_proxy
high	200.0	1.5625e-11	2.763541923337505e-12	1.39965075793748e-10	1	128	ngspice_Qcrit_plus_RPP_proton_LET_proxy
low	0.5	0.0	0.0	2.2649623917122138e-11	0	128	ngspice_Qcrit_plus_RPP_proton_LET_proxy
low	0.5830281060297255	0.0	0.0	2.2649623917122138e-11	0	128	ngspice_Qcrit_plus_RPP_proton_LET_proxy
low	0.6798435448412177	0.0	0.0	2.2649623917122138e-11	0	128	ngspice_Qcrit_plus_RPP_proton_LET_proxy
low	0.7927357886906198	0.0	0.0	2.2649623917122138e-11	0	128	ngspice_Qcrit_plus_RPP_proton_LET_proxy
low	0.9243744909245456	0.0	0.0	2.2649623917122138e-11	0	128	ngspice_Qcrit_plus_RPP_proton_LET_proxy
low	1.077872617411859	0.0	0.0	2.2649623917122138e-11	0	128	ngspice_Qcrit_plus_RPP_proton_LET_proxy
low	1.256860061341878	0.0	0.0	2.2649623917122138e-11	0	128	ngspice_Qcrit_plus_RPP_proton_LET_proxy
low	1.4655694822171197	0.0	0.0	2.2649623917122138e-11	0	128	ngspice_Qcrit_plus_RPP_proton_LET_proxy
low	1.7089363989440256	0.0	0.0	2.2649623917122138e-11	0	128	ngspice_Qcrit_plus_RPP_proton_LET_proxy
low	1.9927159040031892	0.0	0.0	2.2649623917122138e-11	0	128	ngspice_Qcrit_plus_RPP_proton_LET_proxy
low	2.3236187587325836	0.0	0.0	2.2649623917122138e-11	0	128	ngspice_Qcrit_plus_RPP_proton_LET_proxy
low	2.709470088078	0.0	0.0	2.2649623917122138e-11	0	128	ngspice_Qcrit_plus_RPP_proton_LET_proxy
low	3.159394427592619	0.0	0.0	2.2649623917122138e-11	0	128	ngspice_Qcrit_plus_RPP_proton_LET_proxy
low	3.6840314986403864	0.0	0.0	2.2649623917122138e-11	0	128	ngspice_Qcrit_plus_RPP_proton_LET_proxy
low	4.295787814412312	0.0	0.0	2.2649623917122138e-11	0	128	ngspice_Qcrit_plus_RPP_proton_LET_proxy
low	5.009130066684769	0.0	0.0	2.2649623917122138e-11	0	128	ngspice_Qcrit_plus_RPP_proton_LET_proxy
low	5.840927231271547	0.0	0.0	2.2649623917122138e-11	0	128	ngspice_Qcrit_plus_RPP_proton_LET_proxy
low	6.810849482211396	0.0	0.0	2.2649623917122138e-11	0	128	ngspice_Qcrit_plus_RPP_proton_LET_proxy
low	7.9418333481344945	0.0	0.0	2.2649623917122138e-11	0	128	ngspice_Qcrit_plus_RPP_proton_LET_proxy
low	9.260624110733136	0.0	0.0	2.2649623917122138e-11	0	128	ngspice_Qcrit_plus_RPP_proton_LET_proxy
low	10.798408271867904	0.0	0.0	2.2649623917122138e-11	0	128	ngspice_Qcrit_plus_RPP_proton_LET_proxy
low	12.59155104576573	0.0	0.0	2.2649623917122138e-11	0	128	ngspice_Qcrit_plus_RPP_proton_LET_proxy
low	14.682456316378808	0.0	0.0	2.2649623917122138e-11	0	128	ngspice_Qcrit_plus_RPP_proton_LET_proxy
low	17.120569396005035	0.0	0.0	2.2649623917122138e-11	0	128	ngspice_Qcrit_plus_RPP_proton_LET_proxy
low	19.963546298206584	0.0	0.0	2.2649623917122138e-11	0	128	ngspice_Qcrit_plus_RPP_proton_LET_proxy
low	23.278617175760242	0.0	0.0	2.2649623917122138e-11	0	128	ngspice_Qcrit_plus_RPP_proton_LET_proxy
low	27.144176165949066	0.0	0.0	2.2649623917122138e-11	0	128	ngspice_Qcrit_plus_RPP_proton_LET_proxy
low	31.651635239541	0.0	0.0	2.2649623917122138e-11	0	128	ngspice_Qcrit_plus_RPP_proton_LET_proxy
low	36.90758589290662	0.0	0.0	2.2649623917122138e-11	0	128	ngspice_Qcrit_plus_RPP_proton_LET_proxy
low	43.03631980254152	0.0	0.0	2.2649623917122138e-11	0	128	ngspice_Qcrit_plus_RPP_proton_LET_proxy
low	50.18276804993071	0.0	0.0	2.2649623917122138e-11	0	128	ngspice_Qcrit_plus_RPP_proton_LET_proxy
low	58.51592842296028	0.0	0.0	2.2649623917122138e-11	0	128	ngspice_Qcrit_plus_RPP_proton_LET_proxy
low	68.23286184201899	0.0	0.0	2.2649623917122138e-11	0	128	ngspice_Qcrit_plus_RPP_proton_LET_proxy
low	79.56335241748049	0.0	0.0	2.2649623917122138e-11	0	128	ngspice_Qcrit_plus_RPP_proton_LET_proxy
low	92.77534133867852	0.0	0.0	2.2649623917122138e-11	0	128	ngspice_Qcrit_plus_RPP_proton_LET_proxy
low	108.18126309390202	0.0	0.0	2.2649623917122138e-11	0	128	ngspice_Qcrit_plus_RPP_proton_LET_proxy
low	126.14543385908233	0.0	0.0	2.2649623917122138e-11	0	128	ngspice_Qcrit_plus_RPP_proton_LET_proxy
low	147.09266677431748	0.0	0.0	2.2649623917122138e-11	0	128	ngspice_Qcrit_plus_RPP_proton_LET_proxy
low	171.51831784058382	0.0	0.0	2.2649623917122138e-11	0	128	ngspice_Qcrit_plus_RPP_proton_LET_proxy
low	200.0	0.0	0.0	2.2649623917122138e-11	0	128	ngspice_Qcrit_plus_RPP_proton_LET_proxy
nominal	0.5	0.0	0.0	4.5299247834244276e-11	0	128	ngspice_Qcrit_plus_RPP_proton_LET_proxy
nominal	0.5830281060297255	0.0	0.0	4.5299247834244276e-11	0	128	ngspice_Qcrit_plus_RPP_proton_LET_proxy
nominal	0.6798435448412177	0.0	0.0	4.5299247834244276e-11	0	128	ngspice_Qcrit_plus_RPP_proton_LET_proxy
nominal	0.7927357886906198	0.0	0.0	4.5299247834244276e-11	0	128	ngspice_Qcrit_plus_RPP_proton_LET_proxy
nominal	0.9243744909245456	0.0	0.0	4.5299247834244276e-11	0	128	ngspice_Qcrit_plus_RPP_proton_LET_proxy
nominal	1.077872617411859	0.0	0.0	4.5299247834244276e-11	0	128	ngspice_Qcrit_plus_RPP_proton_LET_proxy
nominal	1.256860061341878	0.0	0.0	4.5299247834244276e-11	0	128	ngspice_Qcrit_plus_RPP_proton_LET_proxy
nominal	1.4655694822171197	0.0	0.0	4.5299247834244276e-11	0	128	ngspice_Qcrit_plus_RPP_proton_LET_proxy
nominal	1.7089363989440256	0.0	0.0	4.5299247834244276e-11	0	128	ngspice_Qcrit_plus_RPP_proton_LET_proxy
nominal	1.9927159040031892	0.0	0.0	4.5299247834244276e-11	0	128	ngspice_Qcrit_plus_RPP_proton_LET_proxy
nominal	2.3236187587325836	0.0	0.0	4.5299247834244276e-11	0	128	ngspice_Qcrit_plus_RPP_proton_LET_proxy
nominal	2.709470088078	0.0	0.0	4.5299247834244276e-11	0	128	ngspice_Qcrit_plus_RPP_proton_LET_proxy
nominal	3.159394427592619	0.0	0.0	4.5299247834244276e-11	0	128	ngspice_Qcrit_plus_RPP_proton_LET_proxy
nominal	3.6840314986403864	0.0	0.0	4.5299247834244276e-11	0	128	ngspice_Qcrit_plus_RPP_proton_LET_proxy
nominal	4.295787814412312	0.0	0.0	4.5299247834244276e-11	0	128	ngspice_Qcrit_plus_RPP_proton_LET_proxy
nominal	5.009130066684769	0.0	0.0	4.5299247834244276e-11	0	128	ngspice_Qcrit_plus_RPP_proton_LET_proxy
nominal	5.840927231271547	0.0	0.0	4.5299247834244276e-11	0	128	ngspice_Qcrit_plus_RPP_proton_LET_proxy
nominal	6.810849482211396	0.0	0.0	4.5299247834244276e-11	0	128	ngspice_Qcrit_plus_RPP_proton_LET_proxy
nominal	7.9418333481344945	0.0	0.0	4.5299247834244276e-11	0	128	ngspice_Qcrit_plus_RPP_proton_LET_proxy
nominal	9.260624110733136	0.0	0.0	4.5299247834244276e-11	0	128	ngspice_Qcrit_plus_RPP_proton_LET_proxy
nominal	10.798408271867904	0.0	0.0	4.5299247834244276e-11	0	128	ngspice_Qcrit_plus_RPP_proton_LET_proxy
nominal	12.59155104576573	0.0	0.0	4.5299247834244276e-11	0	128	ngspice_Qcrit_plus_RPP_proton_LET_proxy
nominal	14.682456316378808	0.0	0.0	4.5299247834244276e-11	0	128	ngspice_Qcrit_plus_RPP_proton_LET_proxy
nominal	17.120569396005035	0.0	0.0	4.5299247834244276e-11	0	128	ngspice_Qcrit_plus_RPP_proton_LET_proxy
nominal	19.963546298206584	0.0	0.0	4.5299247834244276e-11	0	128	ngspice_Qcrit_plus_RPP_proton_LET_proxy
nominal	23.278617175760242	0.0	0.0	4.5299247834244276e-11	0	128	ngspice_Qcrit_plus_RPP_proton_LET_proxy
nominal	27.144176165949066	0.0	0.0	4.5299247834244276e-11	0	128	ngspice_Qcrit_plus_RPP_proton_LET_proxy
nominal	31.651635239541	0.0	0.0	4.5299247834244276e-11	0	128	ngspice_Qcrit_plus_RPP_proton_LET_proxy
nominal	36.90758589290662	0.0	0.0	4.5299247834244276e-11	0	128	ngspice_Qcrit_plus_RPP_proton_LET_proxy
nominal	43.03631980254152	0.0	0.0	4.5299247834244276e-11	0	128	ngspice_Qcrit_plus_RPP_proton_LET_proxy
nominal	50.18276804993071	0.0	0.0	4.5299247834244276e-11	0	128	ngspice_Qcrit_plus_RPP_proton_LET_proxy
nominal	58.51592842296028	0.0	0.0	4.5299247834244276e-11	0	128	ngspice_Qcrit_plus_RPP_proton_LET_proxy
nominal	68.23286184201899	0.0	0.0	4.5299247834244276e-11	0	128	ngspice_Qcrit_plus_RPP_proton_LET_proxy
nominal	79.56335241748049	0.0	0.0	4.5299247834244276e-11	0	128	ngspice_Qcrit_plus_RPP_proton_LET_proxy
nominal	92.77534133867852	0.0	0.0	4.5299247834244276e-11	0	128	ngspice_Qcrit_plus_RPP_proton_LET_proxy
nominal	108.18126309390202	0.0	0.0	4.5299247834244276e-11	0	128	ngspice_Qcrit_plus_RPP_proton_LET_proxy
nominal	126.14543385908233	0.0	0.0	4.5299247834244276e-11	0	128	ngspice_Qcrit_plus_RPP_proton_LET_proxy
nominal	147.09266677431748	0.0	0.0	4.5299247834244276e-11	0	128	ngspice_Qcrit_plus_RPP_proton_LET_proxy
nominal	171.51831784058382	0.0	0.0	4.5299247834244276e-11	0	128	ngspice_Qcrit_plus_RPP_proton_LET_proxy
nominal	200.0	0.0	0.0	4.5299247834244276e-11	0	128	ngspice_Qcrit_plus_RPP_proton_LET_proxy
